"STATION","DATE","LATITUDE","LONGITUDE","ELEVATION","NAME","TEMP","TEMP_ATTRIBUTES","DEWP","DEWP_ATTRIBUTES","SLP","SLP_ATTRIBUTES","STP","STP_ATTRIBUTES","VISIB","VISIB_ATTRIBUTES","WDSP","WDSP_ATTRIBUTES","MXSPD","GUST","MAX","MAX_ATTRIBUTES","MIN","MIN_ATTRIBUTES","PRCP","PRCP_ATTRIBUTES","SNDP","FRSHTT"
"60135099999","2017-01-01","34.051467","-6.751519","84.12","SALE, MO","  51.6","24","  46.4","24","9999.9"," 0","999.9"," 0","  2.2","24","  2.4","24","  5.1","999.9","  63.3"," ","  40.8"," "," 0.00","A","999.9","100000"
"60135099999","2017-01-02","34.051467","-6.751519","84.12","SALE, MO","  55.0","24","  39.9","24","9999.9"," 0","999.9"," 0","  4.5","24","  2.9","24","  5.1","999.9","  69.8"," ","  44.2"," "," 0.00","I","999.9","000000"
"60135099999","2017-01-03","34.051467","-6.751519","84.12","SALE, MO","  58.7","24","  34.4","24","9999.9"," 0","999.9"," 0","  4.4"," 9","  3.7","24","  5.1","999.9","  74.8"," ","  49.6"," "," 0.00","I","999.9","000000"
"60135099999","2017-01-04","34.051467","-6.751519","84.12","SALE, MO","  54.7","24","  34.5","24","9999.9"," 0","999.9"," 0","  5.0"," 7","  3.1","24","  9.9","999.9","  70.3"," ","  39.2","*"," 0.00","I","999.9","000000"
"60135099999","2017-01-05","34.051467","-6.751519","84.12","SALE, MO","  52.9","24","  45.7","24","9999.9"," 0","999.9"," 0","  3.7"," 8","  4.0","24","  8.9","999.9","  65.3"," ","  41.0","*"," 0.00","I","999.9","000000"
"60135099999","2017-01-06","34.051467","-6.751519","84.12","SALE, MO","  54.2","24","  48.5","24","9999.9"," 0","999.9"," 0","  2.6","24","  1.8","24","  4.1","999.9","  68.0","*","  41.0"," "," 0.00","I","999.9","100000"
"60135099999","2017-01-07","34.051467","-6.751519","84.12","SALE, MO","  50.9","24","  44.9","24","9999.9"," 0","999.9"," 0","  3.9","19","  1.7","24","  4.1","999.9","  67.3"," ","  41.0","*"," 0.00","A","999.9","000000"
"60135099999","2017-01-08","34.051467","-6.751519","84.12","SALE, MO","  52.1","24","  47.5","24","9999.9"," 0","999.9"," 0","  3.7","24","  2.2","24","  6.0","999.9","  65.1"," ","  41.0","*"," 0.00","I","999.9","100000"
"60135099999","2017-01-09","34.051467","-6.751519","84.12","SALE, MO","  51.4","24","  46.9","24","9999.9"," 0","999.9"," 0","  2.6","22","  3.3","24","  8.0","999.9","  60.8"," ","  44.6","*"," 0.00","I","999.9","100000"
"60135099999","2017-01-10","34.051467","-6.751519","84.12","SALE, MO","  53.7","24","  47.6","24","9999.9"," 0","999.9"," 0","  5.4","22","  4.5","24","  9.9","999.9","  61.5"," ","  43.5"," "," 0.00","I","999.9","000000"
"60135099999","2017-01-11","34.051467","-6.751519","84.12","SALE, MO","  57.4","24","  52.5","24","9999.9"," 0","999.9"," 0","  5.2","24","  4.7","24","  8.0","999.9","  64.4","*","  53.1"," "," 0.00","A","999.9","000000"
"60135099999","2017-01-12","34.051467","-6.751519","84.12","SALE, MO","  54.2","24","  40.7","24","9999.9"," 0","999.9"," 0","  4.9","17","  4.3","24","  9.9","999.9","  67.1"," ","  44.6","*"," 0.00","I","999.9","000000"
"60135099999","2017-01-13","34.051467","-6.751519","84.12","SALE, MO","  54.3","24","  49.8","24","9999.9"," 0","999.9"," 0","  3.8","24","  3.3","24","  8.0","999.9","  64.2"," ","  43.3"," "," 0.03","E","999.9","010000"
"60135099999","2017-01-14","34.051467","-6.751519","84.12","SALE, MO","  54.2","24","  46.0","24","9999.9"," 0","999.9"," 0","  5.4","24","  4.1","24"," 11.1","999.9","  60.8","*","  42.8","*"," 0.00","I","999.9","000000"
"60135099999","2017-01-15","34.051467","-6.751519","84.12","SALE, MO","  50.4","24","  35.0","24","9999.9"," 0","999.9"," 0","  5.0"," 8","  6.4","24"," 14.0"," 22.0","  62.6","*","  39.7"," "," 0.00","I","999.9","000000"
"60135099999","2017-01-16","34.051467","-6.751519","84.12","SALE, MO","  45.9","24","  32.9","24","9999.9"," 0","999.9"," 0","999.9"," 0","  2.6","24","  6.0","999.9","  59.9"," ","  30.2","*"," 0.00","I","999.9","000000"
"60135099999","2017-01-17","34.051467","-6.751519","84.12","SALE, MO","  50.1","24","  42.0","24","9999.9"," 0","999.9"," 0","  5.9","16","  3.0","24","  7.0","999.9","  61.7"," ","  40.3"," "," 0.00","I","999.9","000000"
"60135099999","2017-01-18","34.051467","-6.751519","84.12","SALE, MO","  51.5","24","  43.9","24","9999.9"," 0","999.9"," 0","  5.3","24","  7.3","24"," 15.0","999.9","  62.6","*","  41.0","*"," 0.00","E","999.9","010000"
"60135099999","2017-01-19","34.051467","-6.751519","84.12","SALE, MO","  45.2","24","  38.7","24","9999.9"," 0","999.9"," 0","  4.5","24","  3.4","24","  8.9"," 19.0","  54.7"," ","  39.2","*"," 0.04","G","999.9","010010"
"60135099999","2017-01-20","34.051467","-6.751519","84.12","SALE, MO","  47.5","24","  40.8","24","9999.9"," 0","999.9"," 0","  4.2","24","  8.3","24"," 14.0"," 20.0","  55.8"," ","  38.3"," "," 0.24","G","999.9","000010"
"60135099999","2017-01-21","34.051467","-6.751519","84.12","SALE, MO","  47.6","24","  42.2","24","9999.9"," 0","999.9"," 0","  4.7","24","  4.5","24"," 12.0","999.9","  55.4","*","  40.8"," "," 0.28","G","999.9","010010"
"60135099999","2017-01-22","34.051467","-6.751519","84.12","SALE, MO","  50.9","24","  44.1","24","9999.9"," 0","999.9"," 0","  4.5","24","  7.3","24"," 14.0","999.9","  59.0","*","  43.0"," "," 0.31","G","999.9","010010"
"60135099999","2017-01-23","34.051467","-6.751519","84.12","SALE, MO","  52.0","24","  43.5","24","9999.9"," 0","999.9"," 0","  4.2","24","  7.1","24"," 15.0","999.9","  59.7"," ","  45.9"," "," 0.35","G","999.9","010010"
"60135099999","2017-01-24","34.051467","-6.751519","84.12","SALE, MO","  50.4","24","  42.5","24","9999.9"," 0","999.9"," 0","  4.8","24","  4.4","24","  8.0","999.9","  60.1"," ","  43.3"," "," 0.12","G","999.9","000000"
"60135099999","2017-01-25","34.051467","-6.751519","84.12","SALE, MO","  48.7","24","  40.6","24","9999.9"," 0","999.9"," 0","  4.6","24","  2.8","24","  6.0","999.9","  59.0"," ","  37.9"," "," 0.00","G","999.9","000000"
"60135099999","2017-01-26","34.051467","-6.751519","84.12","SALE, MO","  51.3","24","  43.0","24","9999.9"," 0","999.9"," 0","  3.7","24","  6.2","24"," 21.0"," 41.0","  64.4"," ","  37.4","*"," 0.03","E","999.9","010000"
"60135099999","2017-01-27","34.051467","-6.751519","84.12","SALE, MO","  57.2","24","  51.4","24","9999.9"," 0","999.9"," 0","  3.9","24"," 11.6","24"," 22.0","999.9","  63.9"," ","  52.3"," "," 0.20","G","999.9","010000"
"60135099999","2017-01-28","34.051467","-6.751519","84.12","SALE, MO","  55.0","24","  49.5","24","9999.9"," 0","999.9"," 0","  4.6","24","  3.6","24","  7.0","999.9","  62.6","*","  48.9"," "," 0.02","G","999.9","000000"
"60135099999","2017-01-29","34.051467","-6.751519","84.12","SALE, MO","  52.0","24","  46.1","24","9999.9"," 0","999.9"," 0","  4.3","20","  3.4","24"," 11.1","999.9","  62.6","*","  41.9"," "," 0.00","G","999.9","000000"
"60135099999","2017-01-30","34.051467","-6.751519","84.12","SALE, MO","  52.9","24","  47.4","24","9999.9"," 0","999.9"," 0","  4.2","24","  2.3","24","  5.1","999.9","  64.4"," ","  42.3"," "," 0.00","I","999.9","000000"
"60135099999","2017-01-31","34.051467","-6.751519","84.12","SALE, MO","  55.9","24","  49.6","24","1016.9"," 4","999.9"," 0","  3.5","24","  5.9","24"," 13.0","999.9","  65.7"," ","  46.4","*"," 0.00","I","999.9","000000"
"60135099999","2017-02-01","34.051467","-6.751519","84.12","SALE, MO","  54.7","24","  49.3","24","9999.9"," 0","999.9"," 0","  4.4","24","  3.9","24","  9.9","999.9","  63.1"," ","  48.0"," "," 0.00","I","999.9","000000"
"60135099999","2017-02-02","34.051467","-6.751519","84.12","SALE, MO","  54.8","24","  50.7","24","9999.9"," 0","999.9"," 0","  3.3","24","  4.7","24"," 14.0","999.9","  64.6"," ","  47.1"," "," 0.08","E","999.9","010000"
"60135099999","2017-02-03","34.051467","-6.751519","84.12","SALE, MO","  58.0","24","  53.3","24","9999.9"," 0","999.9"," 0","  3.6","24","  4.8","24","  8.9","999.9","  66.7"," ","  51.8","*"," 0.00","I","999.9","000000"
"60135099999","2017-02-04","34.051467","-6.751519","84.12","SALE, MO","  59.3","22","  51.7","22","9999.9"," 0","999.9"," 0","  3.7","22","  6.6","22"," 13.0","999.9","  66.2","*","  51.4"," ","99.99"," ","999.9","010000"
"60135099999","2017-02-05","34.051467","-6.751519","84.12","SALE, MO","  57.4","24","  51.0","24","9999.9"," 0","999.9"," 0","  4.2","24","  5.5","24","  9.9","999.9","  63.7"," ","  48.2","*"," 0.01","E","999.9","010000"
"60135099999","2017-02-06","34.051467","-6.751519","84.12","SALE, MO","  55.9","24","  47.2","24","9999.9"," 0","999.9"," 0","  4.1","20","  3.7","24"," 11.1","999.9","  69.8","*","  44.6","*"," 0.00","A","999.9","000000"
"60135099999","2017-02-07","34.051467","-6.751519","84.12","SALE, MO","  54.7","24","  47.7","24","9999.9"," 0","999.9"," 0","  4.3","24","  3.6","24"," 11.1","999.9","  69.1"," ","  44.6","*"," 0.00","A","999.9","000000"
"60135099999","2017-02-08","34.051467","-6.751519","84.12","SALE, MO","  54.0","24","  47.0","24","9999.9"," 0","999.9"," 0","  4.6","22","  4.6","24"," 13.0","999.9","  64.9"," ","  45.3"," "," 0.00","I","999.9","000000"
"60135099999","2017-02-09","34.051467","-6.751519","84.12","SALE, MO","  53.0","24","  43.8","24","9999.9"," 0","999.9"," 0","  4.9","18","  5.0","24"," 14.0","999.9","  66.2"," ","  33.8","*"," 0.00","I","999.9","000000"
"60135099999","2017-02-10","34.051467","-6.751519","84.12","SALE, MO","  52.1","24","  49.2","24","9999.9"," 0","999.9"," 0","  3.9","24","  4.3","24","  8.9","999.9","  56.1","*","  48.2","*"," 0.67","E","999.9","010000"
"60135099999","2017-02-11","34.051467","-6.751519","84.12","SALE, MO","  53.9","24","  47.5","24","9999.9"," 0","999.9"," 0","  4.6","20","  6.4","24"," 13.0"," 25.1","  61.5"," ","  48.4"," "," 0.35","E","999.9","010000"
"60135099999","2017-02-12","34.051467","-6.751519","84.12","SALE, MO","  59.1","24","  51.1","24","9999.9"," 0","999.9"," 0","  4.5","24","  9.5","24"," 24.1"," 34.0","  63.0"," ","  52.9"," "," 0.16","E","999.9","010000"
"60135099999","2017-02-13","34.051467","-6.751519","84.12","SALE, MO","  57.2","24","  50.0","24","9999.9"," 0","999.9"," 0","  4.6","24"," 11.5","24"," 19.0","999.9","  65.1"," ","  50.0","*"," 0.59","G","999.9","010000"
"60135099999","2017-02-14","34.051467","-6.751519","84.12","SALE, MO","  55.3","24","  49.5","24","9999.9"," 0","999.9"," 0","  5.3","12","  4.7","24"," 12.0","999.9","  66.2"," ","  44.6"," "," 0.16","G","999.9","000000"
"60135099999","2017-02-15","34.051467","-6.751519","84.12","SALE, MO","  54.7","24","  50.4","24","9999.9"," 0","999.9"," 0","  3.7","21","  2.7","24","  6.0","999.9","  65.3"," ","  44.6"," "," 0.00","G","999.9","000000"
"60135099999","2017-02-16","34.051467","-6.751519","84.12","SALE, MO","  56.8","24","  51.4","24","9999.9"," 0","999.9"," 0","  3.2","22","  2.0","24","  7.0","999.9","  71.6","*","  42.8","*"," 0.00","I","999.9","000000"
"60135099999","2017-02-17","34.051467","-6.751519","84.12","SALE, MO","  56.7","24","  52.0","24","9999.9"," 0","999.9"," 0","  3.4","23","  2.5","24","  6.0","999.9","  66.4"," ","  48.2"," "," 0.00","I","999.9","100000"
"60135099999","2017-02-18","34.051467","-6.751519","84.12","SALE, MO","  56.0","24","  52.6","24","9999.9"," 0","999.9"," 0","  2.5","24","  3.1","24","  9.9","999.9","  64.0"," ","  48.9"," "," 0.00","I","999.9","100000"
"60135099999","2017-02-19","34.051467","-6.751519","84.12","SALE, MO","  54.7","24","  50.9","24","9999.9"," 0","999.9"," 0","  3.9","24","  3.1","24","  7.0","999.9","  58.6"," ","  50.0"," "," 0.03","G","999.9","010000"
"60135099999","2017-02-20","34.051467","-6.751519","84.12","SALE, MO","  55.5","24","  51.1","24","9999.9"," 0","999.9"," 0","  4.5","24","  2.1","24","  7.0","999.9","  62.6","*","  50.0","*"," 0.00","G","999.9","010010"
"60135099999","2017-02-21","34.051467","-6.751519","84.12","SALE, MO","  57.4","24","  52.8","24","9999.9"," 0","999.9"," 0","  3.6","24","  4.4","24","  8.9","999.9","  61.7"," ","  52.3"," "," 0.08","G","999.9","000000"
"60135099999","2017-02-22","34.051467","-6.751519","84.12","SALE, MO","  56.8","24","  53.4","24","9999.9"," 0","999.9"," 0","  3.1","24","  3.0","24","  8.0","999.9","  63.3"," ","  51.8","*"," 0.00","G","999.9","000000"
"60135099999","2017-02-23","34.051467","-6.751519","84.12","SALE, MO","  56.6","24","  53.5","24","9999.9"," 0","999.9"," 0","  3.0","24","  9.0","24"," 19.0"," 21.0","  60.8"," ","  53.1","*"," 2.56","E","999.9","010010"
"60135099999","2017-02-24","34.051467","-6.751519","84.12","SALE, MO","  59.6","24","  55.1","24","9999.9"," 0","999.9"," 0","  3.6","24","  5.0","24","  9.9","999.9","  63.3"," ","  52.2"," "," 0.01","E","999.9","010010"
"60135099999","2017-02-25","34.051467","-6.751519","84.12","SALE, MO","  58.2","24","  53.0","24","9999.9"," 0","999.9"," 0","  4.0","24","  3.0","24","  8.0","999.9","  63.9"," ","  51.8","*"," 0.00","I","999.9","000000"
"60135099999","2017-02-26","34.051467","-6.751519","84.12","SALE, MO","  57.5","24","  50.7","24","9999.9"," 0","999.9"," 0","  5.3","24","  2.5","24","  8.0","999.9","  64.4","*","  51.6","*"," 0.00","G","999.9","000000"
"60135099999","2017-02-27","34.051467","-6.751519","84.12","SALE, MO","  56.8","24","  50.6","24","9999.9"," 0","999.9"," 0","  4.3","24","  2.8","24"," 11.1","999.9","  64.0"," ","  48.2","*"," 0.00","I","999.9","000000"
"60135099999","2017-02-28","34.051467","-6.751519","84.12","SALE, MO","  56.0","24","  48.9","24","9999.9"," 0","999.9"," 0","  4.3","22","  4.1","24"," 11.1","999.9","  66.0"," ","  47.8"," "," 0.00","I","999.9","000000"
"60135099999","2017-03-01","34.051467","-6.751519","84.12","SALE, MO","  54.6","24","  47.5","24","9999.9"," 0","999.9"," 0","  5.2","12","  4.7","24"," 12.0","999.9","  65.3"," ","  46.4","*"," 0.00","I","999.9","000000"
"60135099999","2017-03-02","34.051467","-6.751519","84.12","SALE, MO","  55.0","24","  50.1","24","9999.9"," 0","999.9"," 0","  4.1","14","  3.1","24","  8.9","999.9","  66.4"," ","  44.6","*"," 0.00","E","999.9","000000"
"60135099999","2017-03-03","34.051467","-6.751519","84.12","SALE, MO","  56.3","24","  48.5","24","9999.9"," 0","999.9"," 0","  3.3","24","  7.5","24"," 17.1","999.9","  63.0"," ","  48.2","*"," 0.02","E","999.9","110000"
"60135099999","2017-03-04","34.051467","-6.751519","84.12","SALE, MO","  54.3","24","  47.8","24","9999.9"," 0","999.9"," 0","  3.9","19","  9.6","24"," 20.0","999.9","  60.8"," ","  47.8"," "," 0.24","E","999.9","010000"
"60135099999","2017-03-05","34.051467","-6.751519","84.12","SALE, MO","  58.3","24","  53.4","24","9999.9"," 0","999.9"," 0","  3.0","21","  3.7","24","  8.9","999.9","  64.9"," ","  50.0","*"," 0.02","A","999.9","100000"
"60135099999","2017-03-06","34.051467","-6.751519","84.12","SALE, MO","  58.0","24","  53.5","24","9999.9"," 0","999.9"," 0","  3.6","21","  4.9","24"," 12.0","999.9","  65.3"," ","  49.6"," "," 0.00","I","999.9","000000"
"60135099999","2017-03-07","34.051467","-6.751519","84.12","SALE, MO","  57.4","24","  52.3","24","9999.9"," 0","999.9"," 0","  3.6","15","  4.5","24","  9.9","999.9","  70.9"," ","  47.1"," "," 0.00","I","999.9","000000"
"60135099999","2017-03-08","34.051467","-6.751519","84.12","SALE, MO","  58.3","24","  54.8","24","9999.9"," 0","999.9"," 0","  3.3","24","  2.2","24","  6.0","999.9","  68.9"," ","  46.4","*"," 0.00","I","999.9","000000"
"60135099999","2017-03-09","34.051467","-6.751519","84.12","SALE, MO","  65.3","24","  53.9","24","9999.9"," 0","999.9"," 0","  4.4","22","  1.5","24","  5.1","999.9","  85.3"," ","  49.3"," "," 0.00","I","999.9","000000"
"60135099999","2017-03-10","34.051467","-6.751519","84.12","SALE, MO","  64.1","24","  53.0","24","9999.9"," 0","999.9"," 0","  5.1","12","  2.2","24","  7.0","999.9","  79.9"," ","  52.7"," "," 0.00","I","999.9","000000"
"60135099999","2017-03-11","34.051467","-6.751519","84.12","SALE, MO","  62.0","24","  50.5","24","9999.9"," 0","999.9"," 0","  4.7","24","  3.3","24"," 11.1","999.9","  78.6"," ","  47.8"," "," 0.00","I","999.9","000000"
"60135099999","2017-03-12","34.051467","-6.751519","84.12","SALE, MO","  58.8","24","  53.3","24","9999.9"," 0","999.9"," 0","  3.9","24","  3.2","24","  9.9","999.9","  66.2"," ","  48.2","*"," 0.00","I","999.9","000000"
"60135099999","2017-03-13","34.051467","-6.751519","84.12","SALE, MO","  55.8","24","  45.3","24","9999.9"," 0","999.9"," 0","  5.3","24","  6.5","24"," 13.0","999.9","  61.9"," ","  46.4","*"," 0.00","I","999.9","000000"
"60135099999","2017-03-14","34.051467","-6.751519","84.12","SALE, MO","  54.6","24","  48.2","24","9999.9"," 0","999.9"," 0","  4.9","24","  5.4","24"," 12.0","999.9","  62.6","*","  45.9"," "," 0.20","G","999.9","010000"
"60135099999","2017-03-15","34.051467","-6.751519","84.12","SALE, MO","  55.7","24","  49.0","24","9999.9"," 0","999.9"," 0","  4.3","24","  4.4","24","  9.9","999.9","  65.5"," ","  43.5"," "," 0.08","G","999.9","000010"
"60135099999","2017-03-16","34.051467","-6.751519","84.12","SALE, MO","  58.4","24","  53.4","24","9999.9"," 0","999.9"," 0","  4.4","23","  3.3","24","  8.0","999.9","  63.5"," ","  46.2"," "," 0.24","G","999.9","010010"
"60135099999","2017-03-17","34.051467","-6.751519","84.12","SALE, MO","  58.0","24","  53.7","24","9999.9"," 0","999.9"," 0","  3.8","24","  4.0","24"," 11.1","999.9","  66.6"," ","  49.6"," "," 0.35","G","999.9","010010"
"60135099999","2017-03-18","34.051467","-6.751519","84.12","SALE, MO","  59.8","24","  53.7","24","9999.9"," 0","999.9"," 0","  4.9","22","  3.9","24","  8.9","999.9","  72.1"," ","  51.8","*"," 0.00","G","999.9","000000"
"60135099999","2017-03-19","34.051467","-6.751519","84.12","SALE, MO","  58.7","24","  54.3","24","9999.9"," 0","999.9"," 0","  3.4","24","  3.6","24","  8.0","999.9","  66.6"," ","  49.1"," "," 0.00","I","999.9","000000"
"60135099999","2017-03-20","34.051467","-6.751519","84.12","SALE, MO","  59.2","24","  53.3","24","9999.9"," 0","999.9"," 0","  3.1","24","  6.8","24"," 12.0","999.9","  66.2","*","  53.2"," "," 0.00","I","999.9","000000"
"60135099999","2017-03-21","34.051467","-6.751519","84.12","SALE, MO","  58.0","24","  48.8","24","9999.9"," 0","999.9"," 0","  5.1","24","  4.5","24","  8.0","999.9","  64.8"," ","  46.4","*"," 0.00","I","999.9","000000"
"60135099999","2017-03-22","34.051467","-6.751519","84.12","SALE, MO","  55.8","24","  47.8","24","9999.9"," 0","999.9"," 0","  4.9","24","  3.9","24","  8.9","999.9","  63.0"," ","  45.7"," "," 0.08","E","999.9","010000"
"60135099999","2017-03-23","34.051467","-6.751519","84.12","SALE, MO","  52.8","24","  45.5","24","9999.9"," 0","999.9"," 0","  4.2","24","  5.5","24"," 13.0","999.9","  59.0"," ","  50.0","*"," 0.51","G","999.9","010000"
"60135099999","2017-03-24","34.051467","-6.751519","84.12","SALE, MO","  50.8","24","  43.4","24","9999.9"," 0","999.9"," 0","  4.4","24","  7.4","24"," 15.0"," 27.0","  58.6"," ","  44.6","*"," 1.22","G","999.9","010010"
"60135099999","2017-03-25","34.051467","-6.751519","84.12","SALE, MO","  52.1","24","  43.0","24","9999.9"," 0","999.9"," 0","  6.2","15","  4.6","24","  8.0","999.9","  61.3"," ","  42.1"," "," 0.59","G","999.9","000000"
"60135099999","2017-03-26","34.051467","-6.751519","84.12","SALE, MO","  55.5","24","  46.0","24","9999.9"," 0","999.9"," 0","  6.2","13","  6.9","24"," 19.0"," 32.1","  64.9"," ","  42.3"," "," 0.00","G","999.9","000000"
"60135099999","2017-03-27","34.051467","-6.751519","84.12","SALE, MO","  56.8","24","  49.6","24","9999.9"," 0","999.9"," 0","  6.0","19","  4.4","24","  8.9","999.9","  66.2","*","  48.2","*"," 0.00","G","999.9","000000"
"60135099999","2017-03-28","34.051467","-6.751519","84.12","SALE, MO","  57.3","24","  50.8","24","9999.9"," 0","999.9"," 0","  4.8","12","  5.2","24"," 17.1","999.9","  69.3"," ","  46.4","*"," 0.00","I","999.9","000000"
"60135099999","2017-03-29","34.051467","-6.751519","84.12","SALE, MO","  57.6","24","  51.8","24","9999.9"," 0","999.9"," 0","  3.8","21","  2.7","24","  7.0","999.9","  68.7"," ","  46.4"," "," 0.00","I","999.9","100000"
"60135099999","2017-03-30","34.051467","-6.751519","84.12","SALE, MO","  59.1","24","  53.0","24","9999.9"," 0","999.9"," 0","  3.3","24","  2.1","24","  7.0","999.9","  70.2"," ","  48.0"," "," 0.00","I","999.9","100000"
"60135099999","2017-03-31","34.051467","-6.751519","84.12","SALE, MO","  60.7","24","  56.0","24","9999.9"," 0","999.9"," 0","  2.7","24","  3.4","24","  8.9","999.9","  68.5"," ","  51.8","*"," 0.00","I","999.9","100000"
"60135099999","2017-04-01","34.051467","-6.751519","84.12","SALE, MO","  60.0","24","  53.1","24","9999.9"," 0","999.9"," 0","  4.1","15","  5.4","24"," 14.0","999.9","  66.4"," ","  51.8","*"," 0.00","A","999.9","000000"
"60135099999","2017-04-02","34.051467","-6.751519","84.12","SALE, MO","  57.3","24","  50.4","24","9999.9"," 0","999.9"," 0","  5.1"," 9","  5.0","24"," 11.1","999.9","  67.6"," ","  46.4"," "," 0.00","I","999.9","000000"
"60135099999","2017-04-03","34.051467","-6.751519","84.12","SALE, MO","  57.9","24","  52.5","24","9999.9"," 0","999.9"," 0","  4.5","17","  3.4","24","  9.9","999.9","  68.9"," ","  45.9"," "," 0.00","I","999.9","000000"
"60135099999","2017-04-04","34.051467","-6.751519","84.12","SALE, MO","  60.5","24","  51.8","24","9999.9"," 0","999.9"," 0","  4.1","24","  4.3","24"," 12.0","999.9","  74.8"," ","  48.2"," "," 0.00","I","999.9","000000"
"60135099999","2017-04-05","34.051467","-6.751519","84.12","SALE, MO","  60.7","24","  49.9","24","9999.9"," 0","999.9"," 0","  4.2","24","  4.3","24"," 15.9","999.9","  75.0"," ","  47.8"," "," 0.00","I","999.9","000000"
"60135099999","2017-04-06","34.051467","-6.751519","84.12","SALE, MO","  64.5","24","  45.3","24","9999.9"," 0","999.9"," 0","  3.6","15","  6.1","24"," 14.0"," 20.0","  81.1"," ","  46.4","*"," 0.00","I","999.9","000000"
"60135099999","2017-04-07","34.051467","-6.751519","84.12","SALE, MO","  70.1","24","  32.7","24","9999.9"," 0","999.9"," 0","  5.4"," 6","  8.3","24"," 13.0"," 22.9","  84.2","*","  57.0"," "," 0.00","I","999.9","000000"
"60135099999","2017-04-08","34.051467","-6.751519","84.12","SALE, MO","  64.4","24","  47.5","24","9999.9"," 0","999.9"," 0","  4.8"," 6","  4.6","24","  8.9","999.9","  79.0"," ","  51.8","*"," 0.00","I","999.9","000000"
"60135099999","2017-04-09","34.051467","-6.751519","84.12","SALE, MO","  64.6","24","  50.1","24","9999.9"," 0","999.9"," 0","  3.0","12","  2.5","24","  8.0","999.9","  82.6"," ","  47.3"," "," 0.00","I","999.9","000000"
"60135099999","2017-04-10","34.051467","-6.751519","84.12","SALE, MO","  66.1","24","  51.2","24","9999.9"," 0","999.9"," 0","  3.5","14","  3.8","24"," 15.9","999.9","  82.6"," ","  46.4"," "," 0.00","E","999.9","000000"
"60135099999","2017-04-11","34.051467","-6.751519","84.12","SALE, MO","  62.4","24","  57.4","24","9999.9"," 0","999.9"," 0","  2.4","24","  3.9","24","  8.0","999.9","  71.8"," ","  51.8","*"," 0.00","I","999.9","100000"
"60135099999","2017-04-12","34.051467","-6.751519","84.12","SALE, MO","  63.5","24","  57.7","24","9999.9"," 0","999.9"," 0","  3.4","24","  4.7","24","  9.9","999.9","  68.9"," ","  56.7"," "," 0.00","G","999.9","000000"
"60135099999","2017-04-13","34.051467","-6.751519","84.12","SALE, MO","  63.0","24","  55.0","24","9999.9"," 0","999.9"," 0","  4.9","24","  5.5","24"," 11.1","999.9","  68.0","*","  57.2","*"," 0.00","I","999.9","000000"
"60135099999","2017-04-14","34.051467","-6.751519","84.12","SALE, MO","  62.1","24","  54.8","24","9999.9"," 0","999.9"," 0","  4.8","24","  4.0","24","  9.9","999.9","  68.5"," ","  54.3"," "," 0.00","I","999.9","000000"
"60135099999","2017-04-15","34.051467","-6.751519","84.12","SALE, MO","  62.2","24","  55.1","24","9999.9"," 0","999.9"," 0","  3.8","24","  3.9","24","  9.9","999.9","  71.6","*","  51.8","*"," 0.00","I","999.9","000000"
"60135099999","2017-04-16","34.051467","-6.751519","84.12","SALE, MO","  61.5","24","  54.2","24","9999.9"," 0","999.9"," 0","  4.6","24","  3.4","24","  9.9","999.9","  72.9"," ","  51.8","*"," 0.00","I","999.9","000000"
"60135099999","2017-04-17","34.051467","-6.751519","84.12","SALE, MO","  66.8","24","  52.2","23","9999.9"," 0","999.9"," 0","  3.3","18","  3.5","24","  9.9","999.9","  84.0"," ","  48.2"," "," 0.00","G","999.9","100000"
"60135099999","2017-04-18","34.051467","-6.751519","84.12","SALE, MO","  73.3","24","  51.6","24","9999.9"," 0","999.9"," 0","  4.5","15","  3.4","24","  8.0","999.9","  91.9"," ","  60.8","*"," 0.00","I","999.9","000000"
"60135099999","2017-04-19","34.051467","-6.751519","84.12","SALE, MO","  68.1","24","  52.8","24","9999.9"," 0","999.9"," 0","  3.9","13","  3.0","24","  8.9"," 19.0","  83.1"," ","  53.1"," "," 0.00","I","999.9","000000"
"60135099999","2017-04-20","34.051467","-6.751519","84.12","SALE, MO","  63.8","24","  57.8","24","9999.9"," 0","999.9"," 0","  3.0","24","  5.5","24"," 13.0","999.9","  71.2"," ","  55.4","*"," 0.00","I","999.9","100000"
"60135099999","2017-04-21","34.051467","-6.751519","84.12","SALE, MO","  65.0","24","  57.7","24","9999.9"," 0","999.9"," 0","  5.0","24","  3.3","24","  8.9"," 15.9","  71.6","*","  60.1"," "," 0.00","I","999.9","000000"
"60135099999","2017-04-22","34.051467","-6.751519","84.12","SALE, MO","  64.3","24","  57.1","24","9999.9"," 0","999.9"," 0","  4.2","21","  3.9","24","  8.9","999.9","  72.0"," ","  56.5"," "," 0.00","I","999.9","000000"
"60135099999","2017-04-23","34.051467","-6.751519","84.12","SALE, MO","  64.3","24","  58.1","24","9999.9"," 0","999.9"," 0","  3.6","20","  4.0","24","  8.9","999.9","  70.9"," ","  56.7"," "," 0.00","I","999.9","000000"
"60135099999","2017-04-24","34.051467","-6.751519","84.12","SALE, MO","  65.4","24","  57.7","24","9999.9"," 0","999.9"," 0","  3.7","24","  4.4","24","  9.9","999.9","  72.3"," ","  57.6"," "," 0.00","I","999.9","000000"
"60135099999","2017-04-25","34.051467","-6.751519","84.12","SALE, MO","  64.5","24","  55.8","24","9999.9"," 0","999.9"," 0","  4.5","24","  4.6","24"," 11.1","999.9","  71.6","*","  57.2","*"," 0.00","I","999.9","000000"
"60135099999","2017-04-26","34.051467","-6.751519","84.12","SALE, MO","  61.9","24","  53.9","24","9999.9"," 0","999.9"," 0","  5.2","20","  3.8","24","  9.9"," 19.0","  70.7"," ","  52.3"," "," 0.00","I","999.9","000000"
"60135099999","2017-04-27","34.051467","-6.751519","84.12","SALE, MO","  64.2","24","  52.8","24","9999.9"," 0","999.9"," 0","  5.5","22","  3.9","24","  8.0","999.9","  76.3"," ","  53.6","*"," 0.00","I","999.9","000000"
"60135099999","2017-04-28","34.051467","-6.751519","84.12","SALE, MO","  67.5","24","  58.9","24","9999.9"," 0","999.9"," 0","  4.4","24"," 11.4","24"," 22.0"," 31.1","  75.2","*","  55.2"," "," 0.20","A","999.9","010000"
"60135099999","2017-04-29","34.051467","-6.751519","84.12","SALE, MO","  65.0","24","  55.7","24","9999.9"," 0","999.9"," 0","  5.1","24","  6.4","24","  9.9","999.9","  71.8"," ","  58.6"," "," 0.00","I","999.9","000000"
"60135099999","2017-04-30","34.051467","-6.751519","84.12","SALE, MO","  62.8","24","  52.7","24","9999.9"," 0","999.9"," 0","  4.5","24","  4.8","24"," 11.1","999.9","  69.8","*","  51.8","*"," 0.04","G","999.9","010000"
"60135099999","2017-05-01","34.051467","-6.751519","84.12","SALE, MO","  61.0","24","  51.0","24","9999.9"," 0","999.9"," 0","  3.9","20","  6.1","24"," 15.0","999.9","  71.1"," ","  51.1"," "," 0.00","G","999.9","000000"
"60135099999","2017-05-02","34.051467","-6.751519","84.12","SALE, MO","  64.8","24","  50.8","24","9999.9"," 0","999.9"," 0","  5.3","17","  5.5","24"," 15.9","999.9","  78.8","*","  48.7"," "," 0.00","I","999.9","000000"
"60135099999","2017-05-03","34.051467","-6.751519","84.12","SALE, MO","  68.0","24","  57.4","24","9999.9"," 0","999.9"," 0","  4.1","20","  4.1","24"," 12.0","999.9","  83.1"," ","  52.7"," "," 0.00","I","999.9","000000"
"60135099999","2017-05-04","34.051467","-6.751519","84.12","SALE, MO","  66.7","24","  58.9","24","9999.9"," 0","999.9"," 0","  3.8","24","  7.9","24","  9.9","999.9","  72.3"," ","  53.2"," "," 0.00","I","999.9","000000"
"60135099999","2017-05-05","34.051467","-6.751519","84.12","SALE, MO","  66.1","24","  56.6","24","9999.9"," 0","999.9"," 0","  5.2","23","  7.2","24"," 14.0"," 22.9","  73.8"," ","  57.2","*"," 0.00","I","999.9","000000"
"60135099999","2017-05-06","34.051467","-6.751519","84.12","SALE, MO","  64.4","24","  55.3","24","9999.9"," 0","999.9"," 0","  5.5","17","  6.1","24"," 15.9","999.9","  73.8"," ","  53.6","*"," 0.00","A","999.9","000000"
"60135099999","2017-05-07","34.051467","-6.751519","84.12","SALE, MO","  63.0","24","  54.1","24","9999.9"," 0","999.9"," 0","999.9"," 0","  4.1","24"," 11.1","999.9","  75.2"," ","  51.3"," "," 0.00","I","999.9","000000"
"60135099999","2017-05-08","34.051467","-6.751519","84.12","SALE, MO","  64.9","24","  56.6","24","9999.9"," 0","999.9"," 0","  4.8","17","  3.8","24","  9.9","999.9","  75.6"," ","  53.1"," "," 0.00","I","999.9","000000"
"60135099999","2017-05-09","34.051467","-6.751519","84.12","SALE, MO","  65.1","24","  57.3","24","9999.9"," 0","999.9"," 0","  4.6","24","  5.3","24"," 11.1","999.9","  73.4","*","  54.7"," "," 0.00","I","999.9","000000"
"60135099999","2017-05-10","34.051467","-6.751519","84.12","SALE, MO","  65.6","24","  56.3","24","9999.9"," 0","999.9"," 0","  5.0","24","  9.2","24"," 18.1"," 22.9","  75.4"," ","  53.6"," "," 0.00","I","999.9","000000"
"60135099999","2017-05-11","34.051467","-6.751519","84.12","SALE, MO","  67.2","24","  57.4","24","9999.9"," 0","999.9"," 0","  5.1","24","  9.9","24"," 15.0"," 22.9","  73.6"," ","  58.6"," "," 0.02","G","999.9","010000"
"60135099999","2017-05-12","34.051467","-6.751519","84.12","SALE, MO","  66.2","24","  57.9","24","9999.9"," 0","999.9"," 0","  4.7","24","  8.6","24"," 15.0"," 28.9","  73.0"," ","  59.0"," "," 0.75","G","999.9","010010"
"60135099999","2017-05-13","34.051467","-6.751519","84.12","SALE, MO","  64.9","24","  57.4","24","9999.9"," 0","999.9"," 0","  4.8","24","  5.0","24"," 13.0","999.9","  73.6"," ","  55.2"," "," 0.00","G","999.9","000000"
"60135099999","2017-05-14","34.051467","-6.751519","84.12","SALE, MO","  64.7","24","  55.6","24","9999.9"," 0","999.9"," 0","  5.9","21","  7.3","24"," 17.1","999.9","  74.1"," ","  53.6","*"," 0.00","I","999.9","000000"
"60135099999","2017-05-15","34.051467","-6.751519","84.12","SALE, MO","  68.0","24","  58.0","24","9999.9"," 0","999.9"," 0","  5.2","20","  3.7","24"," 11.1","999.9","  81.1"," ","  54.5"," "," 0.00","I","999.9","000000"
"60135099999","2017-05-16","34.051467","-6.751519","84.12","SALE, MO","  70.8","24","  59.5","24","9999.9"," 0","999.9"," 0","  3.8","16","  3.7","24","  8.0","999.9","  82.2"," ","  58.6"," "," 0.00","I","999.9","100000"
"60135099999","2017-05-17","34.051467","-6.751519","84.12","SALE, MO","  70.3","24","  61.1","24","9999.9"," 0","999.9"," 0","  4.1","21","  3.2","24","  8.0","999.9","  83.5"," ","  59.0","*"," 0.00","I","999.9","000000"
"60135099999","2017-05-18","34.051467","-6.751519","84.12","SALE, MO","  67.0","24","  56.4","24","9999.9"," 0","999.9"," 0","  4.1","12","  7.3","24"," 15.0","999.9","  76.3"," ","  53.6","*"," 0.00","I","999.9","000000"
"60135099999","2017-05-19","34.051467","-6.751519","84.12","SALE, MO","  64.3","24","  52.5","24","9999.9"," 0","999.9"," 0","  5.1","14","  6.9","24"," 15.9","999.9","  77.2"," ","  50.0"," "," 0.00","A","999.9","000000"
"60135099999","2017-05-20","34.051467","-6.751519","84.12","SALE, MO","  81.4","24","  47.8","24","9999.9"," 0","999.9"," 0","  4.5","19","  4.1","24","  9.9","999.9"," 105.8"," ","  54.3"," "," 0.00","I","999.9","000000"
"60135099999","2017-05-21","34.051467","-6.751519","84.12","SALE, MO","  72.6","24","  59.5","24","9999.9"," 0","999.9"," 0","  4.0","21","  8.1","24"," 13.0","999.9","  91.4","*","  66.2","*"," 0.00","I","999.9","000000"
"60135099999","2017-05-22","34.051467","-6.751519","84.12","SALE, MO","  68.5","24","  60.2","24","9999.9"," 0","999.9"," 0","  3.8","24","  4.5","24","  9.9","999.9","  74.8"," ","  62.6","*"," 0.00","I","999.9","000000"
"60135099999","2017-05-23","34.051467","-6.751519","84.12","SALE, MO","  67.1","24","  60.5","24","9999.9"," 0","999.9"," 0","  4.0","24","  4.1","24","  9.9","999.9","  73.4","*","  60.1"," "," 0.01","A","999.9","000000"
"60135099999","2017-05-24","34.051467","-6.751519","84.12","SALE, MO","  70.0","24","  61.4","24","9999.9"," 0","999.9"," 0","  4.7","24","  7.1","24"," 12.0","999.9","  75.7"," ","  64.4"," "," 0.00","I","999.9","000000"
"60135099999","2017-05-25","34.051467","-6.751519","84.12","SALE, MO","  69.2","24","  60.9","24","9999.9"," 0","999.9"," 0","  4.2","24","  5.1","24","  8.9","999.9","  74.8"," ","  62.6"," "," 0.00","I","999.9","000000"
"60135099999","2017-05-26","34.051467","-6.751519","84.12","SALE, MO","  69.7","24","  60.8","24","9999.9"," 0","999.9"," 0","  4.5","24","  5.0","24","  8.9","999.9","  74.1"," ","  64.4","*"," 0.00","I","999.9","000000"
"60135099999","2017-05-27","34.051467","-6.751519","84.12","SALE, MO","  69.4","24","  60.5","24","9999.9"," 0","999.9"," 0","  4.4","24","  4.2","24"," 11.1","999.9","  76.3"," ","  64.2"," "," 0.00","I","999.9","000000"
"60135099999","2017-05-28","34.051467","-6.751519","84.12","SALE, MO","  66.9","24","  58.4","24","9999.9"," 0","999.9"," 0","  5.0","24","  3.1","24","  8.9","999.9","  73.4","*","  57.2","*"," 0.00","I","999.9","000000"
"60135099999","2017-05-29","34.051467","-6.751519","84.12","SALE, MO","  66.1","24","  57.1","24","9999.9"," 0","999.9"," 0","  5.0","24","  4.9","24"," 11.1"," 22.9","  76.3"," ","  53.4"," "," 0.00","I","999.9","000000"
"60135099999","2017-05-30","34.051467","-6.751519","84.12","SALE, MO","  67.7","24","  58.2","24","9999.9"," 0","999.9"," 0","  4.6","24","  6.0","24"," 15.9","999.9","  75.2"," ","  57.2"," "," 0.00","I","999.9","000000"
"60135099999","2017-05-31","34.051467","-6.751519","84.12","SALE, MO","  68.4","24","  60.8","24","9999.9"," 0","999.9"," 0","  4.9","24","  4.2","24","  8.9","999.9","  76.3"," ","  58.1"," "," 0.00","I","999.9","000000"
"60135099999","2017-06-01","34.051467","-6.751519","84.12","SALE, MO","  71.8","24","  63.4","24","9999.9"," 0","999.9"," 0","  5.1","24","  6.7","24","  9.9","999.9","  77.0"," ","  67.8"," "," 0.00","I","999.9","000000"
"60135099999","2017-06-02","34.051467","-6.751519","84.12","SALE, MO","  71.4","24","  64.0","24","9999.9"," 0","999.9"," 0","  4.7","24","  7.2","24","  9.9","999.9","  76.3"," ","  68.0","*"," 0.00","I","999.9","000000"
"60135099999","2017-06-03","34.051467","-6.751519","84.12","SALE, MO","  70.7","24","  62.3","24","9999.9"," 0","999.9"," 0","  5.5","24","  5.3","24"," 12.0","999.9","  76.5"," ","  66.2","*"," 0.00","I","999.9","000000"
"60135099999","2017-06-04","34.051467","-6.751519","84.12","SALE, MO","  67.5","24","  57.8","24","9999.9"," 0","999.9"," 0","  6.0","24","  5.4","24"," 11.1","999.9","  74.1"," ","  60.8"," "," 0.00","I","999.9","000000"
"60135099999","2017-06-05","34.051467","-6.751519","84.12","SALE, MO","  65.9","24","  56.8","24","9999.9"," 0","999.9"," 0","  5.6","24","  4.7","24"," 11.1","999.9","  74.5"," ","  55.4"," "," 0.00","A","999.9","000000"
"60135099999","2017-06-06","34.051467","-6.751519","84.12","SALE, MO","  66.4","24","  58.9","24","9999.9"," 0","999.9"," 0","  5.1","22","  5.7","24"," 13.0","999.9","  75.2"," ","  55.9"," "," 0.00","E","999.9","000000"
"60135099999","2017-06-07","34.051467","-6.751519","84.12","SALE, MO","  70.5","24","  61.2","24","9999.9"," 0","999.9"," 0","  4.9","19","  4.3","24"," 12.0","999.9","  79.9"," ","  59.0","*"," 0.00","I","999.9","100000"
"60135099999","2017-06-08","34.051467","-6.751519","84.12","SALE, MO","  72.1","24","  64.3","24","9999.9"," 0","999.9"," 0","  3.5","24","  8.2","24"," 14.0","999.9","  79.7"," ","  67.1"," "," 0.00","I","999.9","000000"
"60135099999","2017-06-09","34.051467","-6.751519","84.12","SALE, MO","  71.5","24","  63.6","24","9999.9"," 0","999.9"," 0","  3.4","24","  6.7","24"," 14.0"," 15.0","  75.7"," ","  62.6","*"," 0.00","I","999.9","000000"
"60135099999","2017-06-10","34.051467","-6.751519","84.12","SALE, MO","  70.2","24","  62.1","24","9999.9"," 0","999.9"," 0","  4.1","22","  2.5","24","  8.0","999.9","  80.6","*","  59.0","*"," 0.00","A","999.9","000000"
"60135099999","2017-06-11","34.051467","-6.751519","84.12","SALE, MO","  75.1","24","  64.2","24","9999.9"," 0","999.9"," 0","  3.0","17","  4.0","24"," 11.1","999.9","  88.0"," ","  63.9"," "," 0.00","I","999.9","100000"
"60135099999","2017-06-12","34.051467","-6.751519","84.12","SALE, MO","  70.0","24","  63.6","24","9999.9"," 0","999.9"," 0","  2.9","24","  7.1","24"," 14.0","999.9","  76.6"," ","  61.0"," "," 0.00","I","999.9","000000"
"60135099999","2017-06-13","34.051467","-6.751519","84.12","SALE, MO","  72.0","24","  60.9","24","9999.9"," 0","999.9"," 0","  4.9","24","  6.9","24"," 11.1","999.9","  75.2","*","  63.1"," "," 0.00","I","999.9","000000"
"60135099999","2017-06-14","34.051467","-6.751519","84.12","SALE, MO","  70.0","24","  60.9","24","9999.9"," 0","999.9"," 0","  3.8","24","  3.9","24","  9.9"," 20.0","  77.0","*","  64.0"," "," 0.00","E","999.9","000000"
"60135099999","2017-06-15","34.051467","-6.751519","84.12","SALE, MO","  70.5","24","  62.7","24","9999.9"," 0","999.9"," 0","  3.9","24","  5.3","24"," 12.0","999.9","  78.8","*","  62.6"," "," 0.00","A","999.9","000000"
"60135099999","2017-06-16","34.051467","-6.751519","84.12","SALE, MO","  75.9","24","  64.4","24","9999.9"," 0","999.9"," 0","  3.8","24","  5.1","24"," 13.0","999.9","  91.4"," ","  63.5"," "," 0.00","I","999.9","000000"
"60135099999","2017-06-17","34.051467","-6.751519","84.12","SALE, MO","  82.5","24","  61.5","24","9999.9"," 0","999.9"," 0","  4.8","17","  5.7","24"," 14.0","999.9"," 106.0"," ","  65.3"," "," 0.00","I","999.9","000000"
"60135099999","2017-06-18","34.051467","-6.751519","84.12","SALE, MO","  77.7","24","  65.0","24","9999.9"," 0","999.9"," 0","  3.9","24","  5.5","24"," 11.1","999.9","  99.9"," ","  66.2","*"," 0.00","I","999.9","000000"
"60135099999","2017-06-19","34.051467","-6.751519","84.12","SALE, MO","  78.0","24","  65.9","24","9999.9"," 0","999.9"," 0","  4.0","14","  5.1","24"," 12.0","999.9","  89.6","*","  69.8","*"," 0.00","I","999.9","000000"
"60135099999","2017-06-20","34.051467","-6.751519","84.12","SALE, MO","  73.4","24","  66.2","24","9999.9"," 0","999.9"," 0","  4.5","24","  5.7","24"," 11.1","999.9","  79.0"," ","  66.7"," "," 0.00","A","999.9","000000"
"60135099999","2017-06-21","34.051467","-6.751519","84.12","SALE, MO","  74.1","24","  62.3","24","9999.9"," 0","999.9"," 0","  5.1","17","  4.9","24","  9.9","999.9","  79.5"," ","  64.4","*"," 0.00","I","999.9","000000"
"60135099999","2017-06-22","34.051467","-6.751519","84.12","SALE, MO","  71.3","24","  62.0","24","9999.9"," 0","999.9"," 0","  4.6","16","  4.2","24","  9.9","999.9","  79.0"," ","  60.8","*"," 0.00","I","999.9","000000"
"60135099999","2017-06-23","34.051467","-6.751519","84.12","SALE, MO","  75.4","24","  59.2","24","9999.9"," 0","999.9"," 0","  4.1","24","  5.9","24"," 15.9","999.9","  97.9"," ","  61.5"," "," 0.00","I","999.9","000000"
"60135099999","2017-06-24","34.051467","-6.751519","84.12","SALE, MO","  80.4","24","  56.8","24","9999.9"," 0","999.9"," 0","  4.1","16","  8.2","24"," 19.0"," 20.0"," 105.8"," ","  60.6"," "," 0.00","I","999.9","000000"
"60135099999","2017-06-25","34.051467","-6.751519","84.12","SALE, MO","  80.2","24","  57.5","24","9999.9"," 0","999.9"," 0","  4.0","24","  7.5","24"," 15.9"," 25.1","  94.5"," ","  71.6","*"," 0.00","A","999.9","000000"
"60135099999","2017-06-26","34.051467","-6.751519","84.12","SALE, MO","  71.8","24","  63.8","24","9999.9"," 0","999.9"," 0","  4.3","21","  4.9","24"," 12.0","999.9","  80.2"," ","  66.2","*"," 0.00","I","999.9","000000"
"60135099999","2017-06-27","34.051467","-6.751519","84.12","SALE, MO","  70.6","24","  61.1","24","9999.9"," 0","999.9"," 0","  5.4","21","  4.9","24","  9.9","999.9","  76.1"," ","  64.2"," "," 0.00","I","999.9","000000"
"60135099999","2017-06-28","34.051467","-6.751519","84.12","SALE, MO","  69.4","24","  59.1","24","9999.9"," 0","999.9"," 0","  5.6","24","  4.6","24"," 12.0","999.9","  77.4"," ","  59.0","*"," 0.00","I","999.9","000000"
"60135099999","2017-06-29","34.051467","-6.751519","84.12","SALE, MO","  67.3","24","  56.4","24","9999.9"," 0","999.9"," 0","  6.2","24","  6.7","24"," 15.0","999.9","  75.2","*","  59.0","*"," 0.08","G","999.9","010000"
"60135099999","2017-06-30","34.051467","-6.751519","84.12","SALE, MO","  65.5","21","  53.2","21","9999.9"," 0","999.9"," 0","  6.2","11","  8.5","21"," 19.0","999.9","  74.3"," ","  56.1"," "," 0.00","G","999.9","000000"
"60135099999","2017-07-01","34.051467","-6.751519","84.12","SALE, MO","  67.9","24","  54.8","24","9999.9"," 0","999.9"," 0","  5.2","14","  7.4","24"," 17.1","999.9","  80.6"," ","  53.1"," "," 0.00","I","999.9","000000"
"60135099999","2017-07-02","34.051467","-6.751519","84.12","SALE, MO","  73.6","24","  50.1","24","9999.9"," 0","999.9"," 0","  5.0"," 8","  6.1","24"," 18.1","999.9","  91.9"," ","  53.6","*"," 0.00","I","999.9","000000"
"60135099999","2017-07-03","34.051467","-6.751519","84.12","SALE, MO","  70.1","24","  60.9","24","9999.9"," 0","999.9"," 0","  4.4","13","  5.4","24"," 11.1","999.9","  85.3"," ","  54.7"," "," 0.00","I","999.9","000000"
"60135099999","2017-07-04","34.051467","-6.751519","84.12","SALE, MO","  69.8","24","  61.6","24","9999.9"," 0","999.9"," 0","  3.0","24","  6.2","24","  9.9","999.9","  75.9"," ","  59.0","*"," 0.00","G","999.9","100000"
"60135099999","2017-07-05","34.051467","-6.751519","84.12","SALE, MO","  71.4","24","  61.9","24","9999.9"," 0","999.9"," 0","  3.6","24","  5.7","24","  9.9","999.9","  77.0"," ","  65.8"," "," 0.00","A","999.9","000000"
"60135099999","2017-07-06","34.051467","-6.751519","84.12","SALE, MO","  69.2","24","  59.3","24","9999.9"," 0","999.9"," 0","  4.6","16","  4.9","24"," 13.0","999.9","  77.0"," ","  60.8","*"," 0.00","I","999.9","000000"
"60135099999","2017-07-07","34.051467","-6.751519","84.12","SALE, MO","  67.7","24","  58.6","24","9999.9"," 0","999.9"," 0","  5.9","13","  5.2","24"," 12.0","999.9","  75.7"," ","  59.0"," "," 0.00","I","999.9","000000"
"60135099999","2017-07-08","34.051467","-6.751519","84.12","SALE, MO","  68.6","24","  59.4","24","9999.9"," 0","999.9"," 0","  5.0","21","  5.2","24","  9.9","999.9","  76.1"," ","  57.7"," "," 0.00","I","999.9","000000"
"60135099999","2017-07-09","34.051467","-6.751519","84.12","SALE, MO","  70.6","24","  60.5","24","9999.9"," 0","999.9"," 0","  4.4","24","  4.9","24"," 11.1","999.9","  76.1"," ","  62.2"," "," 0.00","I","999.9","000000"
"60135099999","2017-07-10","34.051467","-6.751519","84.12","SALE, MO","  70.4","24","  61.6","24","9999.9"," 0","999.9"," 0","  4.0","24","  5.1","24"," 12.0","999.9","  77.0"," ","  64.4"," "," 0.00","I","999.9","000000"
"60135099999","2017-07-11","34.051467","-6.751519","84.12","SALE, MO","  70.9","24","  61.4","24","9999.9"," 0","999.9"," 0","  4.5","21","  4.1","24","  9.9","999.9","  79.7"," ","  59.9"," "," 0.00","I","999.9","000000"
"60135099999","2017-07-12","34.051467","-6.751519","84.12","SALE, MO","  76.7","24","  64.4","24","9999.9"," 0","999.9"," 0","  3.8","17","  4.0","24","  8.9","999.9","  86.0","*","  66.9"," "," 0.00","I","999.9","000000"
"60135099999","2017-07-13","34.051467","-6.751519","84.12","SALE, MO","  76.3","24","  66.1","24","9999.9"," 0","999.9"," 0","  3.5","24","  4.8","24","  8.0","999.9","  86.7"," ","  67.8"," "," 0.00","I","999.9","000000"
"60135099999","2017-07-14","34.051467","-6.751519","84.12","SALE, MO","  74.3","24","  66.4","24","9999.9"," 0","999.9"," 0","  2.7","24","  3.7","24","  7.0","999.9","  86.9"," ","  68.0","*"," 0.00","I","999.9","000000"
"60135099999","2017-07-15","34.051467","-6.751519","84.12","SALE, MO","  75.1","24","  66.8","24","9999.9"," 0","999.9"," 0","  3.2","24","  3.9","24","  7.0","999.9","  84.2"," ","  68.0"," "," 0.00","I","999.9","000000"
"60135099999","2017-07-16","34.051467","-6.751519","84.12","SALE, MO","  75.3","24","  66.9","24","9999.9"," 0","999.9"," 0","  2.4","21","  3.6","24","  8.0","999.9","  87.6"," ","  65.5"," "," 0.00","I","999.9","100000"
"60135099999","2017-07-17","34.051467","-6.751519","84.12","SALE, MO","  78.2","24","  67.5","24","9999.9"," 0","999.9"," 0","  2.9","24","  5.2","24"," 13.0"," 15.9"," 103.8"," ","  67.8"," "," 0.00","I","999.9","000000"
"60135099999","2017-07-18","34.051467","-6.751519","84.12","SALE, MO","  74.2","24","  68.0","24","9999.9"," 0","999.9"," 0","  3.3","24","  8.0","24"," 14.0","999.9","  80.6"," ","  70.5"," "," 0.00","I","999.9","000000"
"60135099999","2017-07-19","34.051467","-6.751519","84.12","SALE, MO","  72.1","24","  63.0","24","1016.0"," 5","999.9"," 0","  4.4","24","  4.9","24","  9.9","999.9","  77.0"," ","  69.4","*"," 0.00","I","999.9","000000"
"60135099999","2017-07-20","34.051467","-6.751519","84.12","SALE, MO","  71.8","24","  60.2","24","9999.9"," 0","999.9"," 0","  4.8","24","  6.3","24"," 13.0","999.9","  77.0"," ","  68.0","*"," 0.00","I","999.9","000000"
"60135099999","2017-07-21","34.051467","-6.751519","84.12","SALE, MO","  69.5","24","  55.0","24","9999.9"," 0","999.9"," 0","  5.5","24","  5.8","24","  9.9","999.9","  74.7"," ","  59.0","*"," 0.00","I","999.9","000000"
"60135099999","2017-07-22","34.051467","-6.751519","84.12","SALE, MO","  67.2","24","  57.7","24","9999.9"," 0","999.9"," 0","  5.9","18","  4.2","24","  9.9","999.9","  76.5"," ","  55.4","*"," 0.00","I","999.9","000000"
"60135099999","2017-07-23","34.051467","-6.751519","84.12","SALE, MO","  70.0","24","  61.4","24","9999.9"," 0","999.9"," 0","  4.9","24","  4.0","24"," 11.1","999.9","  80.8"," ","  56.7"," "," 0.00","I","999.9","000000"
"60135099999","2017-07-24","34.051467","-6.751519","84.12","SALE, MO","  72.6","24","  61.1","24","9999.9"," 0","999.9"," 0","  4.2","24","  4.3","24","  8.9","999.9","  84.2","*","  59.7"," "," 0.00","I","999.9","000000"
"60135099999","2017-07-25","34.051467","-6.751519","84.12","SALE, MO","  71.3","24","  64.8","24","9999.9"," 0","999.9"," 0","  3.3","24","  3.9","24","  8.0","999.9","  80.4"," ","  60.8","*"," 0.00","I","999.9","000000"
"60135099999","2017-07-26","34.051467","-6.751519","84.12","SALE, MO","  70.9","24","  62.9","24","9999.9"," 0","999.9"," 0","  3.8","24","  4.2","24","  8.9","999.9","  79.3"," ","  58.6"," "," 0.00","I","999.9","000000"
"60135099999","2017-07-27","34.051467","-6.751519","84.12","SALE, MO","  72.7","24","  65.8","24","9999.9"," 0","999.9"," 0","  3.9","24","  3.9","24","  8.9","999.9","  79.9"," ","  62.1"," "," 0.00","A","999.9","000000"
"60135099999","2017-07-28","34.051467","-6.751519","84.12","SALE, MO","  73.5","24","  66.0","24","9999.9"," 0","999.9"," 0","  3.5","24","  4.3","24","  8.0","999.9","  81.0"," ","  64.4","*"," 0.00","I","999.9","100000"
"60135099999","2017-07-29","34.051467","-6.751519","84.12","SALE, MO","  72.7","24","  63.3","24","9999.9"," 0","999.9"," 0","  2.9","24","  3.9","24","  9.9","999.9","  86.2"," ","  60.8","*"," 0.00","I","999.9","100000"
"60135099999","2017-07-30","34.051467","-6.751519","84.12","SALE, MO","  73.0","24","  65.8","24","9999.9"," 0","999.9"," 0","  4.7","20","  4.6","24","  8.9","999.9","  79.9"," ","  65.8"," "," 0.00","I","999.9","000000"
"60135099999","2017-07-31","34.051467","-6.751519","84.12","SALE, MO","  73.6","23","  64.1","23","9999.9"," 0","999.9"," 0","  4.9","23","  6.8","23","  9.9","999.9","  79.2"," ","  68.0","*"," 0.00","I","999.9","000000"
"60135099999","2017-08-01","34.051467","-6.751519","84.12","SALE, MO","  70.2","24","  61.2","24","9999.9"," 0","999.9"," 0","  5.0","24","  4.3","24"," 11.1","999.9","  78.8"," ","  60.6"," "," 0.00","I","999.9","000000"
"60135099999","2017-08-02","34.051467","-6.751519","84.12","SALE, MO","  69.3","24","  60.9","24","9999.9"," 0","999.9"," 0","  5.1","23","  4.2","24"," 11.1","999.9","  80.8"," ","  56.8"," "," 0.00","I","999.9","000000"
"60135099999","2017-08-03","34.051467","-6.751519","84.12","SALE, MO","  70.7","24","  61.9","24","9999.9"," 0","999.9"," 0","  4.2","24","  3.7","24","  9.9","999.9","  82.0"," ","  59.0","*"," 0.00","E","999.9","000000"
"60135099999","2017-08-04","34.051467","-6.751519","84.12","SALE, MO","  74.3","24","  63.5","24","9999.9"," 0","999.9"," 0","  4.2","12","  2.8","24","  8.9","999.9","  86.5"," ","  59.5"," "," 0.00","I","999.9","000000"
"60135099999","2017-08-05","34.051467","-6.751519","84.12","SALE, MO","  76.8","24","  67.7","24","9999.9"," 0","999.9"," 0","  2.5","11","  4.3","24","  9.9","999.9","  87.8","*","  67.3"," "," 0.00","I","999.9","100000"
"60135099999","2017-08-06","34.051467","-6.751519","84.12","SALE, MO","  78.7","24","  64.9","24","9999.9"," 0","999.9"," 0","999.9"," 0","  5.7","24"," 14.0","999.9","  89.6","*","  67.8"," "," 0.00","I","999.9","000000"
"60135099999","2017-08-07","34.051467","-6.751519","84.12","SALE, MO","  81.7","24","  63.1","24","9999.9"," 0","999.9"," 0","  4.8","22","  5.9","24"," 12.0","999.9"," 102.2","*","  69.4"," "," 0.00","I","999.9","000000"
"60135099999","2017-08-08","34.051467","-6.751519","84.12","SALE, MO","  74.6","23","  65.0","23","9999.9"," 0","999.9"," 0","  4.7","22","  5.0","22"," 12.0","999.9","  82.4","*","  66.2","*"," 0.00","I","999.9","000000"
"60135099999","2017-08-09","34.051467","-6.751519","84.12","SALE, MO","  69.5","24","  61.0","24","9999.9"," 0","999.9"," 0","  4.4","11","  4.3","24","  9.9","999.9","  78.6"," ","  60.4"," "," 0.00","I","999.9","000000"
"60135099999","2017-08-10","34.051467","-6.751519","84.12","SALE, MO","  69.9","24","  60.2","24","9999.9"," 0","999.9"," 0","  5.4","22","  5.0","24"," 12.0","999.9","  80.4"," ","  59.4"," "," 0.00","I","999.9","000000"
"60135099999","2017-08-11","34.051467","-6.751519","84.12","SALE, MO","  72.7","24","  65.1","24","9999.9"," 0","999.9"," 0","  3.3","23","  4.4","24","  9.9","999.9","  82.4"," ","  61.7"," "," 0.00","I","999.9","100000"
"60135099999","2017-08-12","34.051467","-6.751519","84.12","SALE, MO","  75.4","24","  66.8","24","9999.9"," 0","999.9"," 0","  3.6","20","  5.5","24","  9.9","999.9","  82.4"," ","  65.8"," "," 0.00","I","999.9","000000"
"60135099999","2017-08-13","34.051467","-6.751519","84.12","SALE, MO","  75.1","24","  67.2","24","9999.9"," 0","999.9"," 0","  4.2","24","  5.9","24","  8.9","999.9","  81.1"," ","  69.8","*"," 0.00","G","999.9","000000"
"60135099999","2017-08-14","34.051467","-6.751519","84.12","SALE, MO","  74.5","24","  67.0","24","9999.9"," 0","999.9"," 0","  5.4","22","  7.6","24"," 11.1"," 17.1","  80.6"," ","  69.8","*"," 0.00","A","999.9","000000"
"60135099999","2017-08-15","34.051467","-6.751519","84.12","SALE, MO","  74.9","23","  67.5","23","9999.9"," 0","999.9"," 0","  5.3","23","  5.4","23","  8.9","999.9","  80.6","*","  71.6","*"," 0.00","I","999.9","000000"
"60135099999","2017-08-16","34.051467","-6.751519","84.12","SALE, MO","  74.6","24","  65.3","24","9999.9"," 0","999.9"," 0","  3.5","14","  3.8","24"," 13.0","999.9","  84.9"," ","  64.4","*"," 0.00","I","999.9","000000"
"60135099999","2017-08-17","34.051467","-6.751519","84.12","SALE, MO","  72.5","24","  63.9","24","9999.9"," 0","999.9"," 0","  4.2","24","  3.9","24","  9.9","999.9","  82.8"," ","  59.5"," "," 0.00","I","999.9","000000"
"60135099999","2017-08-18","34.051467","-6.751519","84.12","SALE, MO","  74.5","24","  67.6","24","9999.9"," 0","999.9"," 0","  3.4","24","  6.2","24","  8.9","999.9","  81.0"," ","  69.8","*"," 0.00","A","999.9","000000"
"60135099999","2017-08-19","34.051467","-6.751519","84.12","SALE, MO","  74.4","24","  67.7","24","9999.9"," 0","999.9"," 0","  3.3","24","  4.1","24","  8.9","999.9","  83.3"," ","  66.0"," "," 0.00","G","999.9","000000"
"60135099999","2017-08-20","34.051467","-6.751519","84.12","SALE, MO","  76.2","24","  68.7","24","9999.9"," 0","999.9"," 0","  4.7","22","  4.3","24","  8.0","999.9","  82.2"," ","  66.9"," "," 0.00","I","999.9","000000"
"60135099999","2017-08-21","34.051467","-6.751519","84.12","SALE, MO","  76.2","24","  69.2","24","9999.9"," 0","999.9"," 0","  3.5","24","  4.5","24","  8.9","999.9","  86.0","*","  71.6","*"," 0.00","I","999.9","000000"
"60135099999","2017-08-22","34.051467","-6.751519","84.12","SALE, MO","  74.3","24","  66.9","24","9999.9"," 0","999.9"," 0","  3.9","24","  3.9","24","  8.0","999.9","  80.8"," ","  70.7"," "," 0.00","I","999.9","000000"
"60135099999","2017-08-23","34.051467","-6.751519","84.12","SALE, MO","  73.8","24","  67.2","24","9999.9"," 0","999.9"," 0","  3.4","24","  3.3","24","  8.0","999.9","  82.9"," ","  65.8"," "," 0.00","I","999.9","000000"
"60135099999","2017-08-24","34.051467","-6.751519","84.12","SALE, MO","  74.5","24","  66.3","24","9999.9"," 0","999.9"," 0","  2.9","24","  2.7","24","  7.0","999.9","  87.1"," ","  62.6"," "," 0.00","I","999.9","000000"
"60135099999","2017-08-25","34.051467","-6.751519","84.12","SALE, MO","  76.0","24","  64.8","24","9999.9"," 0","999.9"," 0","  3.6","24","  3.7","24","  9.9"," 20.0","  91.4"," ","  64.0"," "," 0.00","I","999.9","100000"
"60135099999","2017-08-26","34.051467","-6.751519","84.12","SALE, MO","  79.8","24","  64.3","24","9999.9"," 0","999.9"," 0","  4.3","16","  3.1","24","  9.9"," 24.1","  99.3"," ","  65.1"," ","99.99"," ","999.9","010010"
"60135099999","2017-08-27","34.051467","-6.751519","84.12","SALE, MO","  75.0","24","  67.6","24","9999.9"," 0","999.9"," 0","  5.4","24","  5.1","24"," 11.1","999.9","  84.4"," ","  71.2"," "," 0.04","G","999.9","000000"
"60135099999","2017-08-28","34.051467","-6.751519","84.12","SALE, MO","  72.3","24","  62.7","24","9999.9"," 0","999.9"," 0","  5.2","24","  4.4","24"," 11.1","999.9","  79.2"," ","  66.2","*"," 0.02","G","999.9","000010"
"60135099999","2017-08-29","34.051467","-6.751519","84.12","SALE, MO","  70.7","24","  61.3","24","9999.9"," 0","999.9"," 0","  6.2","24","  6.2","24"," 12.0","999.9","  78.6"," ","  63.7"," "," 0.00","G","999.9","000000"
"60135099999","2017-08-30","34.051467","-6.751519","84.12","SALE, MO","  69.0","24","  59.7","24","9999.9"," 0","999.9"," 0","  6.2","16","  5.2","24"," 12.0","999.9","  78.3"," ","  59.0","*"," 0.00","I","999.9","000000"
"60135099999","2017-08-31","34.051467","-6.751519","84.12","SALE, MO","  72.2","24","  63.9","24","9999.9"," 0","999.9"," 0","  5.5","12","  5.8","24"," 15.9","999.9","  80.8"," ","  62.6"," "," 0.00","I","999.9","000000"
"60135099999","2017-09-01","34.051467","-6.751519","84.12","SALE, MO","  74.4","24","  67.0","24","9999.9"," 0","999.9"," 0","  4.3","15","  5.0","24","  8.9","999.9","  82.0"," ","  67.1"," "," 0.00","I","999.9","000000"
"60135099999","2017-09-02","34.051467","-6.751519","84.12","SALE, MO","  76.4","24","  67.7","24","9999.9"," 0","999.9"," 0","  5.3","18","  4.9","24","  9.9","999.9","  83.8"," ","  67.8"," "," 0.00","I","999.9","000000"
"60135099999","2017-09-03","34.051467","-6.751519","84.12","SALE, MO","  74.3","24","  68.4","24","9999.9"," 0","999.9"," 0","  3.8","19","  5.6","24","  9.9"," 18.1","  82.0"," ","  69.6"," "," 0.00","I","999.9","100000"
"60135099999","2017-09-04","34.051467","-6.751519","84.12","SALE, MO","  72.2","24","  65.1","24","9999.9"," 0","999.9"," 0","  4.7","24","  3.9","24","  9.9","999.9","  79.2"," ","  65.3"," "," 0.00","I","999.9","000000"
"60135099999","2017-09-05","34.051467","-6.751519","84.12","SALE, MO","  72.9","24","  64.5","24","9999.9"," 0","999.9"," 0","  5.1","21","  5.1","24"," 12.0","999.9","  79.3"," ","  62.6","*"," 0.00","I","999.9","000000"
"60135099999","2017-09-06","34.051467","-6.751519","84.12","SALE, MO","  75.7","24","  67.2","24","9999.9"," 0","999.9"," 0","  5.2","17","  4.9","24"," 11.1"," 17.1","  82.6"," ","  69.8","*"," 0.00","I","999.9","000000"
"60135099999","2017-09-07","34.051467","-6.751519","84.12","SALE, MO","  75.6","24","  67.1","24","9999.9"," 0","999.9"," 0","  4.2","24","  6.7","24"," 19.4","999.9","  83.3"," ","  69.8","*"," 0.00","I","999.9","000000"
"60135099999","2017-09-08","34.051467","-6.751519","84.12","SALE, MO","  74.3","24","  67.1","24","9999.9"," 0","999.9"," 0","  3.7","24","  6.2","24","  8.9","999.9","  81.0"," ","  68.0","*"," 0.00","I","999.9","000000"
"60135099999","2017-09-09","34.051467","-6.751519","84.12","SALE, MO","  72.5","24","  62.6","24","9999.9"," 0","999.9"," 0","  6.0","24","  7.5","24"," 11.1","999.9","  77.0","*","  69.8","*"," 0.00","I","999.9","000000"
"60135099999","2017-09-10","34.051467","-6.751519","84.12","SALE, MO","  70.1","24","  57.9","24","9999.9"," 0","999.9"," 0","  6.2","22","  6.3","24"," 13.0","999.9","  76.5"," ","  57.2","*"," 0.00","I","999.9","000000"
"60135099999","2017-09-11","34.051467","-6.751519","84.12","SALE, MO","  67.2","24","  57.9","24","9999.9"," 0","999.9"," 0","  5.6"," 4","  4.3","24"," 12.0","999.9","  79.0"," ","  54.7"," "," 0.00","I","999.9","000000"
"60135099999","2017-09-12","34.051467","-6.751519","84.12","SALE, MO","  70.7","24","  61.1","24","9999.9"," 0","999.9"," 0","  3.7","15","  3.7","24"," 11.1","999.9","  86.4"," ","  58.6"," "," 0.00","I","999.9","000000"
"60135099999","2017-09-13","34.051467","-6.751519","84.12","SALE, MO","  72.2","24","  62.2","24","9999.9"," 0","999.9"," 0","  4.6","19","  4.2","24","  8.9","999.9","  86.4"," ","  59.9"," "," 0.00","I","999.9","000000"
"60135099999","2017-09-14","34.051467","-6.751519","84.12","SALE, MO","  73.0","24","  65.7","24","9999.9"," 0","999.9"," 0","  4.6","24","  5.0","24","  9.9","999.9","  84.2","*","  64.4","*"," 0.00","I","999.9","000000"
"60135099999","2017-09-15","34.051467","-6.751519","84.12","SALE, MO","  69.2","24","  61.3","24","9999.9"," 0","999.9"," 0","  4.8","24","  6.1","24"," 11.1"," 19.0","  75.7"," ","  60.8","*"," 0.00","I","999.9","000000"
"60135099999","2017-09-16","34.051467","-6.751519","84.12","SALE, MO","  65.1","24","  53.3","24","9999.9"," 0","999.9"," 0","  4.8","24","  5.7","24"," 11.1","999.9","  72.0"," ","  55.4","*"," 0.00","I","999.9","000000"
"60135099999","2017-09-17","34.051467","-6.751519","84.12","SALE, MO","  63.2","24","  53.4","24","9999.9"," 0","999.9"," 0","  6.1","11","  3.6","24","  8.0","999.9","  73.6"," ","  53.2"," "," 0.00","I","999.9","000000"
"60135099999","2017-09-18","34.051467","-6.751519","84.12","SALE, MO","  62.7","24","  54.0","24","9999.9"," 0","999.9"," 0","  4.6"," 7","  3.1","24","  8.0","999.9","  73.9"," ","  51.8","*"," 0.00","I","999.9","000000"
"60135099999","2017-09-19","34.051467","-6.751519","84.12","SALE, MO","  67.3","24","  58.8","24","9999.9"," 0","999.9"," 0","  5.7","18","  4.9","24"," 11.1","999.9","  77.0","*","  55.4","*"," 0.00","I","999.9","000000"
"60135099999","2017-09-20","34.051467","-6.751519","84.12","SALE, MO","  65.3","24","  58.5","24","9999.9"," 0","999.9"," 0","  4.0","18","  3.3","24","  8.0","999.9","  75.2","*","  55.8"," "," 0.00","I","999.9","000000"
"60135099999","2017-09-21","34.051467","-6.751519","84.12","SALE, MO","  67.0","24","  59.7","24","9999.9"," 0","999.9"," 0","  4.4","24","  4.1","24","  8.9","999.9","  75.4"," ","  56.1"," "," 0.00","I","999.9","000000"
"60135099999","2017-09-22","34.051467","-6.751519","84.12","SALE, MO","  69.1","24","  61.1","24","9999.9"," 0","999.9"," 0","  5.3","24","  4.3","24"," 12.0","999.9","  77.0","*","  60.8","*"," 0.00","I","999.9","100000"
"60135099999","2017-09-23","34.051467","-6.751519","84.12","SALE, MO","  70.0","24","  63.5","24","9999.9"," 0","999.9"," 0","  4.2","24","  2.8","24","  8.0","999.9","  77.0","*","  61.2"," "," 0.00","I","999.9","000000"
"60135099999","2017-09-24","34.051467","-6.751519","84.12","SALE, MO","  68.3","24","  62.7","24","9999.9"," 0","999.9"," 0","  3.4","24","  3.1","24","  8.0","999.9","  77.7"," ","  59.0","*"," 0.00","I","999.9","100000"
"60135099999","2017-09-25","34.051467","-6.751519","84.12","SALE, MO","  69.1","24","  62.5","24","9999.9"," 0","999.9"," 0","  3.1","23","  3.8","24","  9.9","999.9","  78.8","*","  60.8"," "," 0.00","I","999.9","100000"
"60135099999","2017-09-26","34.051467","-6.751519","84.12","SALE, MO","  68.3","24","  61.8","24","9999.9"," 0","999.9"," 0","  3.8","24","  3.0","24","  7.0","999.9","  75.7"," ","  57.6"," ","99.99"," ","999.9","110000"
"60135099999","2017-09-27","34.051467","-6.751519","84.12","SALE, MO","  71.2","24","  61.7","24","9999.9"," 0","999.9"," 0","  5.3","24","  5.3","24"," 11.1","999.9","  81.0"," ","  66.2","*"," 0.01","G","999.9","000000"
"60135099999","2017-09-28","34.051467","-6.751519","84.12","SALE, MO","  70.0","24","  62.6","24","9999.9"," 0","999.9"," 0","  5.7","24","  4.1","24","  8.9","999.9","  77.2"," ","  62.6","*"," 0.00","G","999.9","000000"
"60135099999","2017-09-29","34.051467","-6.751519","84.12","SALE, MO","  71.0","24","  65.2","24","9999.9"," 0","999.9"," 0","  4.6","24","  4.1","24","  8.9","999.9","  77.4"," ","  62.2"," "," 0.00","I","999.9","000000"
"60135099999","2017-09-30","34.051467","-6.751519","84.12","SALE, MO","  71.1","24","  63.0","24","9999.9"," 0","999.9"," 0","  4.1","24","  4.6","24"," 11.1","999.9","  82.0"," ","  62.6"," "," 0.00","I","999.9","000000"
"60135099999","2017-10-01","34.051467","-6.751519","84.12","SALE, MO","  70.8","24","  61.4","24","9999.9"," 0","999.9"," 0","  4.2","17","  4.6","24","  8.9","999.9","  81.3"," ","  62.6","*"," 0.00","I","999.9","000000"
"60135099999","2017-10-02","34.051467","-6.751519","84.12","SALE, MO","  73.8","24","  52.9","24","9999.9"," 0","999.9"," 0","  4.5"," 8","  5.4","24"," 19.0","999.9","  93.4"," ","  55.4","*"," 0.00","I","999.9","000000"
"60135099999","2017-10-03","34.051467","-6.751519","84.12","SALE, MO","  81.9","24","  51.0","24","9999.9"," 0","999.9"," 0","999.9"," 0","  5.9","24"," 11.1"," 21.0","  99.3"," ","  63.7"," "," 0.00","I","999.9","000000"
"60135099999","2017-10-04","34.051467","-6.751519","84.12","SALE, MO","  83.7","24","  46.6","24","9999.9"," 0","999.9"," 0","  5.1","13","  6.6","24"," 13.0"," 18.1","  98.1"," ","  69.1"," "," 0.00","I","999.9","000000"
"60135099999","2017-10-05","34.051467","-6.751519","84.12","SALE, MO","  73.8","24","  55.3","24","9999.9"," 0","999.9"," 0","  4.5","17","  6.5","24"," 15.0","999.9","  90.0"," ","  64.4","*"," 0.00","I","999.9","000000"
"60135099999","2017-10-06","34.051467","-6.751519","84.12","SALE, MO","  70.3","24","  57.5","24","9999.9"," 0","999.9"," 0","  3.6","24","  2.6","24","  7.0","999.9","  86.0"," ","  59.0","*"," 0.00","I","999.9","100000"
"60135099999","2017-10-07","34.051467","-6.751519","84.12","SALE, MO","  65.7","24","  61.5","24","9999.9"," 0","999.9"," 0","  3.5","24","  2.9","24","  8.9","999.9","  74.8"," ","  55.6"," "," 0.00","I","999.9","100000"
"60135099999","2017-10-08","34.051467","-6.751519","84.12","SALE, MO","  66.1","24","  61.0","24","9999.9"," 0","999.9"," 0","  3.0","24","  3.2","24","  7.0","999.9","  76.3"," ","  57.2","*"," 0.00","I","999.9","100000"
"60135099999","2017-10-09","34.051467","-6.751519","84.12","SALE, MO","  70.2","24","  57.1","24","9999.9"," 0","999.9"," 0","  4.3","24","  3.8","24","  9.9","999.9","  87.6"," ","  56.3"," "," 0.00","I","999.9","000000"
"60135099999","2017-10-10","34.051467","-6.751519","84.12","SALE, MO","  76.6","24","  46.5","24","9999.9"," 0","999.9"," 0","  5.0","19","  4.3","24"," 13.0","999.9","  95.0","*","  59.0","*"," 0.00","I","999.9","000000"
"60135099999","2017-10-11","34.051467","-6.751519","84.12","SALE, MO","  80.9","24","  43.5","24","9999.9"," 0","999.9"," 0","  4.3","24","  4.3","24","  9.9","999.9","  99.3"," ","  58.8"," "," 0.00","I","999.9","000000"
"60135099999","2017-10-12","34.051467","-6.751519","84.12","SALE, MO","  84.1","24","  44.4","24","9999.9"," 0","999.9"," 0","  5.5","18","  3.9","24","  8.9","999.9"," 102.2","*","  71.8"," "," 0.00","I","999.9","000000"
"60135099999","2017-10-13","34.051467","-6.751519","84.12","SALE, MO","  82.4","24","  45.1","24","9999.9"," 0","999.9"," 0","  5.2","13","  4.4","24"," 12.0"," 19.0","  99.5"," ","  68.0","*"," 0.00","I","999.9","000000"
"60135099999","2017-10-14","34.051467","-6.751519","84.12","SALE, MO","  82.3","24","  39.8","24","9999.9"," 0","999.9"," 0","  4.2","19","  4.4","24"," 14.0","999.9","  98.6","*","  64.9"," "," 0.00","A","999.9","000000"
"60135099999","2017-10-15","34.051467","-6.751519","84.12","SALE, MO","  79.2","24","  41.8","24","9999.9"," 0","999.9"," 0","  4.4","24","  4.4","24","  9.9","999.9","  90.9"," ","  66.2","*"," 0.00","I","999.9","000000"
"60135099999","2017-10-16","34.051467","-6.751519","84.12","SALE, MO","  76.7","24","  47.7","24","9999.9"," 0","999.9"," 0","  4.5","24","  3.8","24","  8.9","999.9","  88.5"," ","  63.7"," "," 0.00","I","999.9","000000"
"60135099999","2017-10-17","34.051467","-6.751519","84.12","SALE, MO","  73.7","24","  57.1","24","9999.9"," 0","999.9"," 0","  5.6","21","  3.6","24"," 12.0","999.9","  89.2"," ","  66.2","*"," 0.00","I","999.9","000000"
"60135099999","2017-10-18","34.051467","-6.751519","84.12","SALE, MO","  69.8","24","  60.2","24","9999.9"," 0","999.9"," 0","  5.2","24"," 12.5","24"," 19.0"," 28.9","  75.6"," ","  64.4","*"," 0.16","E","999.9","010000"
"60135099999","2017-10-19","34.051467","-6.751519","84.12","SALE, MO","  68.6","24","  62.3","24","9999.9"," 0","999.9"," 0","  3.7","24"," 10.9","24"," 15.9"," 25.1","  73.4"," ","  62.6","*"," 0.20","E","999.9","010000"
"60135099999","2017-10-20","34.051467","-6.751519","84.12","SALE, MO","  65.9","24","  59.3","24","9999.9"," 0","999.9"," 0","  4.2","20","  4.7","24"," 14.0","999.9","  75.2","*","  57.2","*"," 0.00","I","999.9","000000"
"60135099999","2017-10-21","34.051467","-6.751519","84.12","SALE, MO","  67.0","24","  61.7","24","9999.9"," 0","999.9"," 0","  3.3","24","  3.7","24","  9.9","999.9","  77.4"," ","  56.8"," "," 0.00","I","999.9","100000"
"60135099999","2017-10-22","34.051467","-6.751519","84.12","SALE, MO","  66.2","24","  61.2","24","9999.9"," 0","999.9"," 0","  3.1","24","  3.6","24"," 11.1","999.9","  75.6"," ","  59.0","*"," 0.00","I","999.9","100000"
"60135099999","2017-10-23","34.051467","-6.751519","84.12","SALE, MO","  65.5","24","  60.4","24","9999.9"," 0","999.9"," 0","  2.3","24","  2.1","24","  8.0","999.9","  75.9"," ","  57.2","*"," 0.00","I","999.9","100000"
"60135099999","2017-10-24","34.051467","-6.751519","84.12","SALE, MO","  64.3","24","  58.0","24","9999.9"," 0","999.9"," 0","  3.1","24","  1.9","24","  7.0","999.9","  77.0","*","  54.5"," "," 0.00","I","999.9","100000"
"60135099999","2017-10-25","34.051467","-6.751519","84.12","SALE, MO","  67.4","24","  60.7","24","9999.9"," 0","999.9"," 0","  2.7","24","  3.1","24","  8.0","999.9","  77.9"," ","  56.7"," "," 0.00","I","999.9","100000"
"60135099999","2017-10-26","34.051467","-6.751519","84.12","SALE, MO","  66.1","24","  55.1","24","9999.9"," 0","999.9"," 0","  3.7","24","  2.4","24","  8.0","999.9","  81.3"," ","  52.9"," "," 0.00","I","999.9","000000"
"60135099999","2017-10-27","34.051467","-6.751519","84.12","SALE, MO","  67.1","24","  58.7","24","9999.9"," 0","999.9"," 0","  2.8","24","  2.6","24","  6.0","999.9","  79.5"," ","  55.4","*"," 0.00","I","999.9","100000"
"60135099999","2017-10-28","34.051467","-6.751519","84.12","SALE, MO","  64.5","24","  59.5","24","9999.9"," 0","999.9"," 0","  1.9","24","  2.2","24","  5.1","999.9","  75.2","*","  57.2","*"," 0.00","I","999.9","100000"
"60135099999","2017-10-29","34.051467","-6.751519","84.12","SALE, MO","  61.8","24","  57.9","24","9999.9"," 0","999.9"," 0","  1.9","24","  2.3","24","  6.0","999.9","  71.6","*","  53.4"," "," 0.00","I","999.9","100000"
"60135099999","2017-10-30","34.051467","-6.751519","84.12","SALE, MO","  64.5","24","  60.0","24","9999.9"," 0","999.9"," 0","  2.0","24","  3.9","24"," 11.1","999.9","  73.0"," ","  54.9"," "," 0.00","I","999.9","100000"
"60135099999","2017-10-31","34.051467","-6.751519","84.12","SALE, MO","  62.1","24","  57.6","24","9999.9"," 0","999.9"," 0","  2.5","24","  2.7","24","  8.9"," 14.0","  72.0"," ","  53.1"," "," 0.00","I","999.9","100000"
"60135099999","2017-11-01","34.051467","-6.751519","84.12","SALE, MO","  61.1","24","  56.8","24","9999.9"," 0","999.9"," 0","  2.8","24","  2.5","24","  8.0","999.9","  72.5"," ","  52.9"," "," 0.00","I","999.9","000000"
"60135099999","2017-11-02","34.051467","-6.751519","84.12","SALE, MO","  62.9","24","  57.0","24","9999.9"," 0","999.9"," 0","  2.4","24","  2.9","24","  7.0","999.9","  74.3"," ","  55.4","*"," 0.00","I","999.9","100000"
"60135099999","2017-11-03","34.051467","-6.751519","84.12","SALE, MO","  65.1","24","  58.4","24","9999.9"," 0","999.9"," 0","  3.3","24","  3.9","24","  8.0","999.9","  73.4","*","  55.8"," "," 0.00","I","999.9","000000"
"60135099999","2017-11-04","34.051467","-6.751519","84.12","SALE, MO","  65.2","24","  58.4","24","9999.9"," 0","999.9"," 0","  4.5","24","  7.4","24"," 14.0","999.9","  73.9"," ","  55.4","*"," 0.00","G","999.9","010000"
"60135099999","2017-11-05","34.051467","-6.751519","84.12","SALE, MO","  62.1","24","  55.3","24","9999.9"," 0","999.9"," 0","  5.0","23","  4.6","24"," 12.0","999.9","  71.8"," ","  54.3"," "," 0.12","G","999.9","000000"
"60135099999","2017-11-06","34.051467","-6.751519","84.12","SALE, MO","  59.5","24","  52.1","24","9999.9"," 0","999.9"," 0","  4.3","15","  3.5","24","  9.9","999.9","  71.8"," ","  50.0","*"," 0.00","G","999.9","000000"
"60135099999","2017-11-07","34.051467","-6.751519","84.12","SALE, MO","  59.9","24","  53.2","24","9999.9"," 0","999.9"," 0","  4.1","13","  4.0","24"," 13.0","999.9","  71.8"," ","  49.5"," "," 0.00","I","999.9","000000"
"60135099999","2017-11-08","34.051467","-6.751519","84.12","SALE, MO","  58.4","24","  52.0","24","9999.9"," 0","999.9"," 0","  3.8","24","  3.0","24","  8.9","999.9","  69.8","*","  47.8"," "," 0.00","I","999.9","000000"
"60135099999","2017-11-09","34.051467","-6.751519","84.12","SALE, MO","  59.9","24","  51.5","24","9999.9"," 0","999.9"," 0","  3.8","20","  4.9","24"," 14.0","999.9","  70.2"," ","  48.6"," "," 0.00","I","999.9","000000"
"60135099999","2017-11-10","34.051467","-6.751519","84.12","SALE, MO","  56.7","24","  47.9","24","9999.9"," 0","999.9"," 0","  4.6","19","  4.0","24"," 14.0","999.9","  69.8","*","  44.1"," "," 0.00","I","999.9","000000"
"60135099999","2017-11-11","34.051467","-6.751519","84.12","SALE, MO","  58.0","24","  39.9","24","9999.9"," 0","999.9"," 0","  5.4","24","  4.9","24"," 13.0","999.9","  77.0","*","  45.5"," "," 0.00","G","999.9","000000"
"60135099999","2017-11-12","34.051467","-6.751519","84.12","SALE, MO","  56.7","24","  49.9","24","9999.9"," 0","999.9"," 0","  5.1","24","  2.7","24","  8.0","999.9","  71.1"," ","  44.6","*"," 0.00","I","999.9","000000"
"60135099999","2017-11-13","34.051467","-6.751519","84.12","SALE, MO","  57.4","24","  51.8","24","9999.9"," 0","999.9"," 0","  3.0","24","  2.8","24","  8.0","999.9","  68.5"," ","  45.3"," "," 0.00","I","999.9","100000"
"60135099999","2017-11-14","34.051467","-6.751519","84.12","SALE, MO","  58.8","24","  52.2","24","9999.9"," 0","999.9"," 0","  3.5","24","  2.9","24","  9.9"," 20.0","  69.1"," ","  48.9"," "," 0.00","I","999.9","000000"
"60135099999","2017-11-15","34.051467","-6.751519","84.12","SALE, MO","  56.1","24","  48.4","24","9999.9"," 0","999.9"," 0","  4.8","24","  3.0","24","  7.0","999.9","  68.0","*","  46.0"," "," 0.00","A","999.9","000000"
"60135099999","2017-11-16","34.051467","-6.751519","84.12","SALE, MO","  55.5","24","  45.8","24","9999.9"," 0","999.9"," 0","  3.9","24","  2.8","24","  7.0","999.9","  69.8","*","  44.6"," "," 0.00","I","999.9","000000"
"60135099999","2017-11-17","34.051467","-6.751519","84.12","SALE, MO","  55.3","24","  48.7","24","9999.9"," 0","999.9"," 0","  3.8","24","  2.9","24","  8.0","999.9","  69.8","*","  42.8","*"," 0.00","I","999.9","000000"
"60135099999","2017-11-18","34.051467","-6.751519","84.12","SALE, MO","  55.3","24","  44.9","24","9999.9"," 0","999.9"," 0","  4.1","24","  2.9","24","  7.0","999.9","  71.6","*","  42.4"," "," 0.01","E","999.9","000000"
"60135099999","2017-11-19","34.051467","-6.751519","84.12","SALE, MO","  55.4","24","  42.8","24","9999.9"," 0","999.9"," 0","  5.4","24","  2.7","24","  8.0","999.9","  71.6","*","  41.0","*"," 0.00","I","999.9","000000"
"60135099999","2017-11-20","34.051467","-6.751519","84.12","SALE, MO","  56.1","24","  41.2","24","9999.9"," 0","999.9"," 0","  5.0","24","  1.9","24","  7.0","999.9","  72.9"," ","  42.8","*"," 0.00","I","999.9","000000"
"60135099999","2017-11-21","34.051467","-6.751519","84.12","SALE, MO","  56.7","24","  39.7","24","9999.9"," 0","999.9"," 0","999.9"," 0","  2.6","24","  8.0","999.9","  76.6"," ","  41.7"," "," 0.00","I","999.9","000000"
"60135099999","2017-11-22","34.051467","-6.751519","84.12","SALE, MO","  57.9","24","  35.2","24","9999.9"," 0","999.9"," 0","  4.8","12","  2.9","24","  7.0","999.9","  73.9"," ","  41.7"," "," 0.00","I","999.9","000000"
"60135099999","2017-11-23","34.051467","-6.751519","84.12","SALE, MO","  60.8","24","  30.6","24","9999.9"," 0","999.9"," 0","  5.4","13","  2.7","24","  6.0","999.9","  79.0"," ","  48.6"," "," 0.00","I","999.9","000000"
"60135099999","2017-11-24","34.051467","-6.751519","84.12","SALE, MO","  60.7","24","  31.3","24","9999.9"," 0","999.9"," 0","  4.8","18","  2.1","24","  7.0","999.9","  82.0"," ","  48.2"," "," 0.00","I","999.9","000000"
"60135099999","2017-11-25","34.051467","-6.751519","84.12","SALE, MO","  62.5","24","  30.2","24","9999.9"," 0","999.9"," 0","  4.9","17","  2.2","24","  6.0","999.9","  79.0"," ","  47.3"," "," 0.00","I","999.9","000000"
"60135099999","2017-11-26","34.051467","-6.751519","84.12","SALE, MO","  63.8","24","  37.0","24","9999.9"," 0","999.9"," 0","  4.7","18","  3.9","24","  9.9","999.9","  81.3"," ","  47.1"," "," 0.00","I","999.9","000000"
"60135099999","2017-11-27","34.051467","-6.751519","84.12","SALE, MO","  64.3","24","  43.0","24","9999.9"," 0","999.9"," 0","  4.2","23","  2.0","24","  7.0","999.9","  78.3"," ","  52.9"," "," 0.00","I","999.9","000000"
"60135099999","2017-11-28","34.051467","-6.751519","84.12","SALE, MO","  67.1","24","  39.0","24","9999.9"," 0","999.9"," 0","  5.0","18","  4.9","24","  8.9","999.9","  82.0"," ","  54.7"," "," 0.00","I","999.9","000000"
"60135099999","2017-11-29","34.051467","-6.751519","84.12","SALE, MO","  66.2","24","  45.2","24","9999.9"," 0","999.9"," 0","  4.9","17"," 12.0","24"," 20.0"," 32.1","  73.4","*","  55.8"," "," 0.02","E","999.9","010010"
"60135099999","2017-11-30","34.051467","-6.751519","84.12","SALE, MO","  59.4","24","  50.1","24","9999.9"," 0","999.9"," 0","  4.0","24","  7.2","24"," 17.1","999.9","  68.0"," ","  51.8","*"," 1.34","G","999.9","010000"
"60135099999","2017-12-01","34.051467","-6.751519","84.12","SALE, MO","  52.8","24","  40.3","24","9999.9"," 0","999.9"," 0","  5.4","12","  4.1","24"," 11.1","999.9","  61.0"," ","  46.0"," "," 0.20","G","999.9","000000"
"60135099999","2017-12-02","34.051467","-6.751519","84.12","SALE, MO","  52.2","24","  39.6","24","9999.9"," 0","999.9"," 0","  5.0","24","  4.5","24","  9.9","999.9","  62.6","*","  45.3"," "," 0.00","G","999.9","000000"
"60135099999","2017-12-03","34.051467","-6.751519","84.12","SALE, MO","  49.7","24","  40.1","24","9999.9"," 0","999.9"," 0","  5.0","14","  3.9","24","  9.9","999.9","  61.0"," ","  41.0","*"," 0.00","E","999.9","000000"
"60135099999","2017-12-04","34.051467","-6.751519","84.12","SALE, MO","  47.1","24","  38.2","24","9999.9"," 0","999.9"," 0","  5.0","24","  1.7","24","  6.0","999.9","  64.6"," ","  33.8","*"," 0.00","I","999.9","000000"
"60135099999","2017-12-05","34.051467","-6.751519","84.12","SALE, MO","  51.9","24","  39.2","24","9999.9"," 0","999.9"," 0","  5.0","18","  2.4","24","  6.0","999.9","  70.5"," ","  33.1"," "," 0.00","I","999.9","000000"
"60135099999","2017-12-06","34.051467","-6.751519","84.12","SALE, MO","  50.9","24","  40.9","24","9999.9"," 0","999.9"," 0","  5.1","12","  2.3","24","  6.0","999.9","  64.9"," ","  38.8"," "," 0.00","I","999.9","000000"
"60135099999","2017-12-07","34.051467","-6.751519","84.12","SALE, MO","  49.4","24","  38.7","24","9999.9"," 0","999.9"," 0","  5.0","12","  2.4","24","  8.0","999.9","  65.1"," ","  37.8"," "," 0.00","I","999.9","000000"
"60135099999","2017-12-08","34.051467","-6.751519","84.12","SALE, MO","  50.9","24","  39.5","24","9999.9"," 0","999.9"," 0","  5.2","10","  3.1","24","  8.0","999.9","  64.6"," ","  37.0"," "," 0.00","I","999.9","000000"
"60135099999","2017-12-09","34.051467","-6.751519","84.12","SALE, MO","  52.9","24","  45.3","24","9999.9"," 0","999.9"," 0","  4.7","19","  2.1","24","  5.1","999.9","  64.4","*","  42.8","*"," 0.00","I","999.9","000000"
"60135099999","2017-12-10","34.051467","-6.751519","84.12","SALE, MO","  57.3","24","  50.6","24","9999.9"," 0","999.9"," 0","  4.9","24","  3.1","24","  8.0","999.9","  68.9"," ","  46.2"," "," 0.00","I","999.9","000000"
"60135099999","2017-12-11","34.051467","-6.751519","84.12","SALE, MO","  55.5","24","  50.0","24","9999.9"," 0","999.9"," 0","  3.7","24"," 11.0","24"," 24.1"," 35.9","  61.2"," ","  49.1","*"," 3.19","E","999.9","010000"
"60135099999","2017-12-12","34.051467","-6.751519","84.12","SALE, MO","  51.4","24","  43.8","24","9999.9"," 0","999.9"," 0","  3.9","24","  4.9","24"," 11.1","999.9","  59.2"," ","  41.0","*"," 0.24","A","999.9","010000"
"60135099999","2017-12-13","34.051467","-6.751519","84.12","SALE, MO","  48.6","24","  40.7","24","9999.9"," 0","999.9"," 0","  5.0","23","  3.8","24","  9.9","999.9","  61.2"," ","  39.2","*"," 0.04","G","999.9","000000"
"60135099999","2017-12-14","34.051467","-6.751519","84.12","SALE, MO","  50.5","24","  41.0","24","9999.9"," 0","999.9"," 0","  6.2"," 5","  2.4","24","  8.0","999.9","  63.1"," ","  39.2","*"," 0.00","G","999.9","000000"
"60135099999","2017-12-15","34.051467","-6.751519","84.12","SALE, MO","  56.4","24","  47.8","24","9999.9"," 0","999.9"," 0","  5.8","19","  6.6","24"," 12.0","999.9","  64.8"," ","  43.7"," ","99.99"," ","999.9","010000"
"60135099999","2017-12-16","34.051467","-6.751519","84.12","SALE, MO","  56.7","24","  50.8","24","9999.9"," 0","999.9"," 0","  4.6","24","  6.3","24"," 13.0","999.9","  61.3"," ","  44.6","*"," 0.59","G","999.9","010000"
"60135099999","2017-12-17","34.051467","-6.751519","84.12","SALE, MO","  50.6","24","  44.5","24","9999.9"," 0","999.9"," 0","  6.2","10","  3.2","24"," 11.1","999.9","  62.6"," ","  41.0"," "," 0.20","G","999.9","000000"
"60135099999","2017-12-18","34.051467","-6.751519","84.12","SALE, MO","  50.4","24","  40.6","24","9999.9"," 0","999.9"," 0","  5.9"," 4","  2.7","24","  6.0","999.9","  61.3"," ","  41.0"," "," 0.00","G","999.9","000000"
"60135099999","2017-12-19","34.051467","-6.751519","84.12","SALE, MO","  50.8","24","  43.8","24","9999.9"," 0","999.9"," 0","  5.4","22","  2.6","24","  6.0","999.9","  62.6","*","  39.9"," "," 0.00","I","999.9","000000"
"60135099999","2017-12-20","34.051467","-6.751519","84.12","SALE, MO","  53.9","24","  40.3","24","9999.9"," 0","999.9"," 0","  5.2"," 5","  7.2","24"," 14.0"," 25.1","  64.4"," ","  39.7"," "," 0.00","I","999.9","000000"
"60135099999","2017-12-21","34.051467","-6.751519","84.12","SALE, MO","  51.4","24","  37.8","24","9999.9"," 0","999.9"," 0","999.9"," 0","  2.6","24","  7.0","999.9","  68.0","*","  38.8"," "," 0.00","E","999.9","000000"
"60135099999","2017-12-22","34.051467","-6.751519","84.12","SALE, MO","  53.0","24","  40.2","24","9999.9"," 0","999.9"," 0","999.9"," 0","  4.0","24"," 12.0","999.9","  66.4"," ","  44.4"," "," 0.00","I","999.9","000000"
"60135099999","2017-12-23","34.051467","-6.751519","84.12","SALE, MO","  51.6","24","  46.2","24","9999.9"," 0","999.9"," 0","  4.9"," 7","  2.6","24","  5.1","999.9","  63.0"," ","  43.7"," "," 0.00","I","999.9","000000"
"60135099999","2017-12-24","34.051467","-6.751519","84.12","SALE, MO","  50.1","24","  45.2","24","9999.9"," 0","999.9"," 0","  3.2","18","  2.1","24","  6.0","999.9","  62.6"," ","  40.8"," "," 0.00","I","999.9","000000"
"60135099999","2017-12-25","34.051467","-6.751519","84.12","SALE, MO","  52.7","24","  46.2","24","9999.9"," 0","999.9"," 0","  3.1","24","  3.5","24","  8.9","999.9","  63.1"," ","  42.8","*"," 0.00","I","999.9","000000"
"60135099999","2017-12-26","34.051467","-6.751519","84.12","SALE, MO","  57.3","24","  49.8","24","9999.9"," 0","999.9"," 0","  6.1","24","  8.1","24"," 13.0","999.9","  64.8"," ","  51.8"," "," 0.00","I","999.9","000000"
"60135099999","2017-12-27","34.051467","-6.751519","84.12","SALE, MO","  59.1","24","  53.2","24","9999.9"," 0","999.9"," 0","  4.5","24"," 12.1","24"," 15.9"," 26.0","  63.1"," ","  55.2"," "," 0.04","E","999.9","010000"
"60135099999","2017-12-28","34.051467","-6.751519","84.12","SALE, MO","  59.1","24","  55.4","24","9999.9"," 0","999.9"," 0","  4.0","24","  5.7","24","  9.9","999.9","  63.5"," ","  55.4","*"," 0.87","G","999.9","010000"
"60135099999","2017-12-29","34.051467","-6.751519","84.12","SALE, MO","  57.0","24","  52.7","24","9999.9"," 0","999.9"," 0","  4.8","24","  2.8","24","  8.0","999.9","  64.6"," ","  50.9"," "," 0.02","G","999.9","010000"
"60135099999","2017-12-30","34.051467","-6.751519","84.12","SALE, MO","  54.6","24","  50.4","24","9999.9"," 0","999.9"," 0","  3.1","24","  1.9","24","  6.0","999.9","  64.8"," ","  44.6","*"," 0.04","G","999.9","100000"
"60135099999","2017-12-31","34.051467","-6.751519","84.12","SALE, MO","  56.1","24","  52.1","24","9999.9"," 0","999.9"," 0","  3.0","24","  1.7","24","  4.1","999.9","  65.7"," ","  48.2","*"," 0.00","G","999.9","100000"
